Index,Name,Gender
0,Achinthya,Female
1,Adele,Female
2,Adishani,Female
3,Adithi,Female
4,Agrani,Female
5,Ahansa,Female
6,Aharsha,Female
7,Ahasika,Female
8,Akarsha,Female
9,Akeesha,Female
10,Akenya,Female
11,Akeshia,Female
12,Akethya,Female
13,Akithma,Female
14,Akshadi,Female
15,Alanah,Female
16,Aliyah,Female
17,Amalmi,Female
18,Amandi,Female
19,Amasha,Female
20,Amaya,Female
21,Ameesha,Female
22,Amelia,Female
23,Amilka,Female
24,Amindi,Female
25,Anagi,Female
26,Anannya,Female
27,Andreyana,Female
28,Anoshi,Female
29,Anudima,Female
30,Anuhansi,Female
31,Anuki,Female
32,Anushima,Female
33,Anuthmi,Female
34,Apsara,Female
35,Araddya,Female
36,Araliya,Female
37,Areli,Female
38,Arkarshi,Female
39,Aroshika,Female
40,Arundi,Female
41,Ashani,Female
42,Ashaya,Female
43,Ashennya,Female
44,Ashinsa,Female
45,Ashvika,Female
46,Ashvini,Female
47,Asini,Female
48,Athista,Female
49,Ayansa,Female
50,Ayeshma,Female
51,Ayisha,Female
52,Ayoddya,Female
53,Ayoni,Female
54,Ayuka,Female
55,Behansa,Female
56,Bihakshi,Female
57,Bihesha,Female
58,Bilanka,Female
59,Bilesha,Female
60,Bimalka,Female
61,Bimalsha,Female
62,Bimanli,Female
63,Bimashi,Female
64,Bimsari,Female
65,Binadi,Female
66,Binakshi,Female
67,Binali,Female
68,Binari,Female
69,Bindiya,Female
70,Binudi,Female
71,Binuki,Female
72,Binusha,Female
73,Binuthi,Female
74,Bivindi,Female
75,Buvani,Female
76,Buwanija,Female
77,Chalukkya,Female
78,Chamallka,Female
79,Chamalsha,Female
80,Chamalshi,Female
81,Chamasha,Female
82,Chamathi,Female
83,Chamathka,Female
84,Chamilka,Female
85,Chamilki,Female
86,Chamodhi,Female
87,Chamothma,Female
88,Chamuditha,Female
89,Chamudi,Female
90,Chandula,Female
91,Chaneli,Female
92,Chanelka,Female
93,Chanethi,Female
94,Chanudi,Female
95,Chanuthmi,Female
96,Chanya,Female
97,Charuka,Female
98,Charukkya,Female
99,Charunndya,Female
100,Chasindi,Female
101,Chathuki,Female
102,Chathumika,Female
103,Chathunika,Female
104,Chathurangai,Female
105,Chathushi,Female
106,Chavindi,Female
107,Chenethi,Female
108,Chenethma,Female
109,Chenethmi,Female
110,Chenuli,Female
111,Chenumi,Female
112,Chenushi,Female
113,Chenuthi,Female
114,Chethana,Female
115,Chethika,Female
116,Chithika,Female
117,Chithuki,Female
118,Chithuli,Female
119,Dahamya,Female
120,Dalia,Female
121,Danara,Female
122,Dana,Female
123,Danesha,Female
124,Dasini,Female
125,Dehara,Female
126,Dehasa,Female
127,Dehemi,Female
128,Demini,Female
129,Deneesha,Female
130,Denethi,Female
131,Denethmi,Female
132,Denethni,Female
133,Denethu,Female
134,Denisha,Female
135,Denudi,Female
136,Denushka,Female
137,Denuththara,Female
138,Desanduli,Female
139,Desha,Female
140,Deshmi,Female
141,Deshni,Female
142,Devansa,Female
143,Devansha,Female
144,Devarshi,Female
145,Devindi,Female
146,Devoshi,Female
147,Devri,Female
148,Devsara,Female
149,Dewdu,Female
150,Dewjani,Female
151,Dewni,Female
152,Dewnithi,Female
153,Dewthilini,Female
154,Dhamsha,Female
155,Diduli,Female
156,Dihansa,Female
157,Dihara,Female
158,Dihasa,Female
159,Diknitha,Female
160,Dilanka,Female
161,Dilansha,Female
162,Dilashi,Female
163,Dilenya,Female
164,Dilmani,Female
165,Dilmi,Female
166,Dilni,Female
167,Diloshana,Female
168,Dilsara,Female
169,Dilshara,Female
170,Dilshari,Female
171,Dilshika,Female
172,Dilumi,Female
173,Dimali,Female
174,Dimalmi,Female
175,Dimathmi,Female
176,Dimsara,Female
177,Dinadi,Female
178,Dinali,Female
179,Dineli,Female
180,Dinethma,Female
181,Dinethmi,Female
182,Dinethra,Female
183,Dinethya,Female
184,Dinidi,Female
185,Dinili,Female
186,Dinisara,Female
187,Dinithi,Female
188,Dinlini,Female
189,Dinsara,Female
190,Dinudi,Female
191,Dinudika,Female
192,Dinugi,Female
193,Dinujana,Female
194,Dinuji,Female
195,Dinuka,Female
196,Dinuki,Female
197,Dinuli,Female
198,Dinuthi,Female
199,Dinuthni,Female
200,Disana,Female
201,Disha,Female
202,Disuli,Female
203,Dithmi,Female
204,Diveesha,Female
205,Divethma,Female
206,Divyangani,Female
207,Divyangi,Female
208,Divyani,Female
209,Divyanjali,Female
210,Diyana,Female
211,Diyansa,Female
212,Duasha,Female
213,Duhara,Female
214,Dulandara,Female
215,Dulangi,Female
216,Dulansa,Female
217,Dulanya,Female
218,Dulashi,Female
219,Duleesha,Female
220,Dulesha,Female
221,Duleshmi,Female
222,Duleshni,Female
223,Dulhara,Female
224,Dulini,Female
225,Dulithi,Female
226,Dulmi,Female
227,Dulmitha,Female
228,Dulnethi,Female
229,Dulni,Female
230,Dulnitha,Female
231,Dulshara,Female
232,Dulshi,Female
233,Dumalami,Female
234,Dumalsha,Female
235,Dunara,Female
236,Duneesha,Female
237,Dunethma,Female
238,Dunithi,Female
239,Dushani,Female
240,Duveni,Female
241,Emasha,Female
242,Esandi,Female
243,Eshani,Female
244,Gaweshi,Female
245,Gawravi,Female
246,Gayandi,Female
247,Gayathma,Female
248,Gayomi,Female
249,Gayuki,Female
250,Gevinnya,Female
251,Gihami,Female
252,Gihanga,Female
253,Gimsara,Female
254,Gishonu,Female
255,Githma,Female
256,Githmi,Female
257,Guwani,Female
258,Harini,Female
259,Harinya,Female
260,Hasandi,Female
261,Hasindi,Female
262,Hasmini,Female
263,Hemashi,Female
264,Heneesha,Female
265,Hesanya,Female
266,Heshadi,Female
267,Heshani,Female
268,Heshini,Female
269,Heshni,Female
270,Himansa,Female
271,Himara,Female
272,Himaya,Female
273,Himena,Female
274,Himethmi,Female
275,Himsadi,Female
276,Hiranya,Female
277,Hiruja,Female
278,Hiruki,Female
279,Hirundi,Female
280,Hitheshi,Female
281,Hithmi,Female
282,Hithushi,Female
283,Ileesha,Female
284,Imandi,Female
285,Imani,Female
286,Imansha,Female
287,Imanya,Female
288,Imaya,Female
289,Imelka,Female
290,Imesha,Female
291,Inhara,Female
292,Insari,Female
293,Inudi,Female
294,Inugi,Female
295,Inumi,Female
296,Iroma,Female
297,Irosha,Female
298,Irshani,Female
299,Irushi,Female
300,Iruthma,Female
301,Isari,Female
302,Ishini,Female
303,Isuli,Female
304,Ithiksha,Female
305,Janeesha,Female
306,Janethya,Female
307,Janidi,Female
308,Janithrika,Female
309,Janithya,Female
310,Januki,Female
311,Januli,Female
312,Januni,Female
313,Januthi,Female
314,Jawithya,Female
315,Jayami,Female
316,Jayawi,Female
317,Jehansa,Female
318,Jenuli,Female
319,Jeromi,Female
320,Jethmi,Female
321,Jinethma,Female
322,Joana,Female
323,Kavithma,Female
324,Kavmindi,Female
325,Kawithi,Female
326,Kemini,Female
327,Kenuli,Female
328,Keshana,Female
329,Kethaki,Female
330,Kethmi,Female
331,Keyara,Female
332,Kinuri,Female
333,Kisheini,Female
334,Kithmi,Female
335,Kithmini,Female
336,Kithnuli,Female
337,Kithuki,Female
338,Koshela,Female
339,Krisha,Female
340,Krisheini,Female
341,Krishinya,Female
342,Kulansa,Female
343,Kulshali,Female
344,Kulshani,Female
345,Kushani,Female
346,Laneesha,Female
347,Lavanya,Female
348,Lechana,Female
349,Lehansi,Female
350,Lemasha,Female
351,Lenasha,Female
352,Lesanma,Female
353,Lesansa,Female
354,Lihansa,Female
355,Lihini,Female
356,Limansa,Female
357,Linasha,Female
358,Linoja,Female
359,Lisadi,Female
360,Lisansa,Female
361,Lisanya,Female
362,Lisara,Female
363,Lisasna,Female
364,Lisini,Female
365,Lithaja,Female
366,Lithara,Female
367,Lithmini,Female
368,Lithuli,Female
369,Lithulki,Female
370,Lithumi,Female
371,Lithuni,Female
372,Liviniya,Female
373,Liyana,Female
374,Lohara,Female
375,Lohasha,Female
376,Lothika,Female
377,Madushalani,Female
378,Maheshika,Female
379,Mahima,Female
380,Maleesha,Female
381,Malika,Female
382,Malindi,Female
383,Malinsha,Female
384,Malki,Female
385,Malshi,Female
386,Mandakini,Female
387,Manelka,Female
388,Manoda,Female
389,Manoddya,Female
390,Manodi,Female
391,Manoli,Female
392,Manothmi,Female
393,Manudi,Female
394,Manugi,Female
395,Manuji,Female
396,Manuki,Female
397,Manuthi,Female
398,Mapasha,Female
399,Matheesha,Female
400,Mayithi,Female
401,Mayomi,Female
402,Mayuvindi,Female
403,Medithi,Female
404,Melanka,Female
405,Melinsa,Female
406,Menuli,Female
407,Menuri,Female
408,Methara,Female
409,Methmi,Female
410,Methnadi,Female
411,Methni,Female
412,Methsilini,Female
413,Methsiluni,Female
414,Methsisi,Female
415,Methsuvi,Female
416,Methuki,Female
417,Methuli,Female
418,Methumini,Female
419,Methuni,Female
420,Methunima,Female
421,Methusha,Female
422,Methushi,Female
423,Mihara,Female
424,Miheli,Female
425,Mihindee,Female
426,Mihindi,Female
427,Mihini,Female
428,Mikela,Female
429,Minadi,Female
430,Mindara,Female
431,Minduni,Female
432,Minha,Female
433,Minoli,Female
434,Minosha,Female
435,Minsaha,Female
436,Minsara,Female
437,Minuli,Female
438,Minumi,Female
439,Minuri,Female
440,Minusha,Female
441,Misadi,Female
442,Mishadi,Female
443,Misheli,Female
444,Mithili,Female
445,Mithuki,Female
446,Mithumi,Female
447,Miyurangi,Female
448,Moditha,Female
449,Moneesha,Female
450,Muditha,Female
451,Nadewni,Female
452,Nadinsa,Female
453,Nadinsha,Female
454,Naduli,Female
455,Najeelia,Female
456,Nalika,Female
457,Navani,Female
458,Nawani,Female
459,Nawoli,Female
460,Nehansa,Female
461,Nehara,Female
462,Nehari,Female
463,Nesagi,Female
464,Nesandi,Female
465,Neshandi,Female
466,Neshari,Female
467,Nethangi,Female
468,Nethanya,Female
469,Nethara,Female
470,Nethari,Female
471,Nethmika,Female
472,Nethsarani,Female
473,Nethugi,Female
474,Nethuki,Female
475,Nethuli,Female
476,Nethulima,Female
477,Nethumi,Female
478,Nethuni,Female
479,Nethunika,Female
480,Nethupa,Female
481,Nethusadi,Female
482,Nethushima,Female
483,Nethushi,Female
484,Nethu,Female
485,Nidiya,Female
486,Nihansa,Female
487,Nihari,Female
488,Nikini,Female
489,Nikita,Female
490,Nikitha,Female
491,Nileshi,Female
492,Nilmi,Female
493,Nimhani,Female
494,Nimna,Female
495,Nimni,Female
496,Nimra,Female
497,Nimshadi,Female
498,Nimshi,Female
499,Nimthara,Female
500,Nipulma,Female
501,Niroda,Female
502,Niroshika,Female
503,Nisadima,Female
504,Nisari,Female
505,Nishithma,Female
506,Nisuri,Female
507,Nithara,Female
508,Nitheesha,Female
509,Nithika,Female
510,Nithili,Female
511,Nithilka,Female
512,Nithmi,Female
513,Nithuli,Female
514,Nithuni,Female
515,Nithya,Female
516,Nivenya,Female
517,Nuhansa,Female
518,Nuhansha,Female
519,Nureshi,Female
520,Nuthara,Female
521,Nuwandara,Female
522,Nuwandi,Female
523,Omethmi,Female
524,Omindi,Female
525,Onela,Female
526,Oneli,Female
527,Onisha,Female
528,Osandi,Female
529,Oshani,Female
530,Oshari,Female
531,Oshika,Female
532,Oshini,Female
533,Ovindi,Female
534,Ovini,Female
535,Pahanya,Female
536,Pamodi,Female
537,Pamudi,Female
538,Pasandi,Female
539,Pasanja,Female
540,Pasindya,Female
541,Pethmi,Female
542,Pinidi,Female
543,Poorni,Female
544,Poshya,Female
545,Prathibavi,Female
546,Pravishka,Female
547,Premandi,Female
548,Prikshala,Female
549,Pubudmi,Female
550,Pumidi,Female
551,Purmi,Female
552,Purni,Female
553,Purvi,Female
554,Pyara,Female
555,Raini,Female
556,Ralini,Female
557,Ranmi,Female
558,Ranmini,Female
559,Ranruvi,Female
560,Ranuli,Female
561,Rashani,Female
562,Rashera,Female
563,Rashika,Female
564,Rashindi,Female
565,Rashmindi,Female
566,Rashvini,Female
567,Rasuni,Female
568,Ravindi,Female
569,Reha,Female
570,Rehansa,Female
571,Rehansha,Female
572,Rehasni,Female
573,Reneesha,Female
574,Renisha,Female
575,Renruvi,Female
576,Renushi,Female
577,Reshadi,Female
578,Reshani,Female
579,Resheni,Female
580,Reshmindi,Female
581,Resuni,Female
582,Rethika,Female
583,Rethni,Female
584,Rethushi,Female
585,Rigasha,Female
586,Risandi,Female
587,Risathya,Female
588,Rishni,Female
589,Rithmi,Female
590,Rithu,Female
591,Rivka,Female
592,Riyoni,Female
593,Romeshika,Female
594,Romishka,Female
595,Roneesha,Female
596,Roshmi,Female
597,Roshni,Female
598,Ruhalshi,Female
599,Ruhansa,Female
600,Rumeda,Female
601,Rumika,Female
602,Runidi,Female
603,Rusirindi,Female
604,Ruveesha,Female
605,Ruwindi,Female
606,Ruwinka,Female
607,Ruwinsa,Female
608,Ruwisha,Female
609,Ruwithi,Female
610,Ruwithma,Female
611,Sadesha,Female
612,Sadewmi,Female
613,Sadewni,Female
614,Saheli,Female
615,Sahini,Female
616,Sakithma,Female
617,Sakithmi,Female
618,Sakuni,Female
619,Samali,Female
620,Samithri,Female
621,Sandali,Female
622,Sandamini,Female
623,Sandani,Female
624,Sandapami,Female
625,Sandasi,Female
626,Sandeesha,Female
627,Sandewma,Female
628,Sandewmi,Female
629,Sandewni,Female
630,Sandini,Female
631,Sandunika,Female
632,Sandupama,Female
633,Saneera,Female
634,Saneli,Female
635,Sanithi,Female
636,Sanithya,Female
637,Sanjali,Female
638,Sankethi,Female
639,Sanoli,Female
640,Sanudi,Female
641,Sanugi,Female
642,Sanujana,Female
643,Sanuki,Female
644,Sanuli,Female
645,Sanumi,Female
646,Sanushi,Female
647,Sanuthi,Female
648,Sanuthmi,Female
649,Sanya,Female
650,Saranya,Female
651,Sarindi,Female
652,Saruthi,Female
653,Sasandi,Female
654,Sasanka,Female
655,Sasanya,Female
656,Saseli,Female
657,Saseni,Female
658,Sasenya,Female
659,Sashini,Female
660,Sasiki,Female
661,Sasindi,Female
662,Sasini,Female
663,Sasmili,Female
664,Sasni,Female
665,Sasnithi,Female
666,Sasvindi,Female
667,Sathnadi,Female
668,Sathnidi,Female
669,Savandi,Female
670,Saviddya,Female
671,Savindi,Female
672,Savini,Female
673,Savinya,Female
674,Sawandi,Female
675,Sayara,Female
676,Sayumdi,Female
677,Sayumi,Female
678,Sayuni,Female
679,Sayurini,Female
680,Senudi,Female
681,Senudri,Female
682,Senuli,Female
683,Senullya,Female
684,Senuthmi,Female
685,Senuthri,Female
686,Seshana,Female
687,Sethaksha,Female
688,Sethuli,Female
689,Sethumli,Female
690,Seyali,Female
691,Seyara,Female
692,Shahensa,Female
693,Shaini,Female
694,Shalani,Female
695,Shaliya,Female
696,Shalomi,Female
697,Shamendri,Female
698,Shanali,Female
699,Shaneli,Female
700,Shaniya,Female
701,Shanuli,Female
702,Shanuthi,Female
703,Shashera,Female
704,Shashindi,Female
705,Shashini,Female
706,Shashlina,Female
707,Shashlini,Female
708,Shashmi,Female
709,Shashni,Female
710,Shashvini,Female
711,Shelani,Female
712,Sheli,Female
713,Shelomi,Female
714,Shemaya,Female
715,Shenara,Female
716,Shenu,Female
717,Shenu,Female
718,Shera,Female
719,Sheri,Female
720,Sheshadi,Female
721,Sheveena,Female
722,Sheyali,Female
723,Shivona,Female
724,Shuwetha,Female
725,Sihansa,Female
726,Sihathma,Female
727,Sineli,Female
728,Sitheesha,Female
729,Sitheja,Female
730,Sithiki,Female
731,Sithili,Female
732,Sithlini,Female
733,Sithmi,Female
734,Sithni,Female
735,Sithsisi,Female
736,Sithuki,Female
737,Sithuli,Female
738,Sithumdi,Female
739,Sithumsara,Female
740,Sithuni,Female
741,Siyathra,Female
742,Soraya,Female
743,Sulakkya,Female
744,Sumethma,Female
745,Sunelka,Female
746,Supipi,Female
747,Surindi,Female
748,Suwani,Female
749,Suwindi,Female
750,Suwini,Female
751,Tamilka,Female
752,Tanaka,Female
753,Tanavi,Female
754,Taneesha,Female
755,Tanushi,Female
756,Taruki,Female
757,Tehani,Female
758,Tenuji,Female
759,Tenuli,Female
760,Tenuri,Female
761,Tesi,Female
762,Thamalka,Female
763,Thamasha,Female
764,Thamashi,Female
765,Thaneesha,Female
766,Thanuki,Female
767,Thanusha,Female
768,Thanushka,Female
769,Thanushki,Female
770,Tharaki,Female
771,Tharindi,Female
772,Tharindya,Female
773,Tharini,Female
774,Tharithma,Female
775,Tharudi,Female
776,Tharuki,Female
777,Tharuli,Female
778,Tharullya,Female
779,Tharunadi,Female
780,Tharupama,Female
781,Thashmi,Female
782,Thashmika,Female
783,Thashni,Female
784,Thasini,Female
785,Thathsarani,Female
786,Thehani,Female
787,Theja,Female
788,Thenuki,Female
789,Thenuri,Female
790,Thenuthmi,Female
791,Thepuli,Female
792,Thesari,Female
793,Theshana,Female
794,Theshari,Female
795,Thevindi,Female
796,Thilara,Female
797,Thilara,Female
798,Thilinnya,Female
799,Thimali,Female
800,Thimethya,Female
801,Thinara,Female
802,Thinithi,Female
803,Thinudi,Female
804,Thinugi,Female
805,Thinumi,Female
806,Thiruni,Female
807,Thisandi,Female
808,Thisansa,Female
809,Thisarani,Female
810,Thisari,Female
811,Thisethmi,Female
812,Thishansha,Female
813,Thisidi,Female
814,Thisini,Female
815,Thisuli,Female
816,Thisumi,Female
817,Thisuni,Female
818,Thivenya,Female
819,Thivindi,Female
820,Thrishni,Female
821,Thullya,Female
822,Thulnethi,Female
823,Thushadi,Female
824,Thusumli,Female
825,Thuwesha,Female
826,Timasha,Female
827,Tinara,Female
828,Tisadi,Female
829,Tisari,Female
830,Tishani,Female
831,Umeshika,Female
832,Ushmila,Female
833,Uthara,Female
834,Uthumi,Female
835,Uvanya,Female
836,Uvindi,Female
837,Venudi,Female
838,Venuki,Female
839,Venuthi,Female
840,Vichakshani,Female
841,Vidasna,Female
842,Vidudini,Female
843,Vidulana,Female
844,Vidunadi,Female
845,Vihagi,Female
846,Vihandi,Female
847,Vihanga,Female
848,Vihangi,Female
849,Vihansa,Female
850,Vihari,Female
851,Viheli,Female
852,Vihini,Female
853,Vimalsha,Female
854,Vimalshi,Female
855,Vimansha,Female
856,Vimarshana,Female
857,Vimasha,Female
858,Vimashi,Female
859,Vimashi,Female
860,Vinddya,Female
861,Vindi,Female
862,Vinduli,Female
863,Vinoshi,Female
864,Vinudi,Female
865,Vinudini,Female
866,Vinugi,Female
867,Vinuki,Female
868,Vinuli,Female
869,Vinuri,Female
870,Vinuthi,Female
871,Virangi,Female
872,Vishani,Female
873,Vishmi,Female
874,Vishni,Female
875,Vishvi,Female
876,Vithila,Female
877,Vithuli,Female
878,Vithumi,Female
879,Vithuni,Female
880,Viveka,Female
881,Voleesha,Female
882,Warushi,Female
883,Wethmini,Female
884,Yaminsa,Female
885,Yansili,Female
886,Yanuri,Female
887,Yanushi,Female
888,Yasasvi,Female
889,Yashika,Female
890,Yashni,Female
891,Yasini,Female
892,Yasintha,Female
893,Yehansa,Female
894,Yehara,Female
895,Yehari,Female
896,Yeheni,Female
897,Yemansa,Female
898,Yenara,Female
899,Yenelka,Female
900,Yenma,Female
901,Yenuki,Female
902,Yenuli,Female
903,Yenushi,Female
904,Yeshika,Female
905,Yethma,Female
906,Yethmi,Female
907,Yomashi,Female
908,Yuhansa,Female
909,Yupasna,Female
910,Yuthmi,Female
911,Yuvani,Female
912,Abeetha,Male
913,Abilash,Male
914,Abinada,Male
915,Abinuka,Male
916,Abises,Male
917,Achira,Male
918,Adam,Male
919,Adeekshana,Male
920,Adeepa,Male
921,Adesh,Male
922,Aditha,Male
923,Agash,Male
924,Agathisi,Male
925,Agbow,Male
926,Akeesha,Male
927,Aken,Male
928,Akidu,Male
929,Akila,Male
930,Akith,Male
931,Aloka,Male
932,Amalka,Male
933,Amameth,Male
934,Amayuru,Male
935,Amilka,Male
936,Aminda,Male
937,Andrew,Male
938,Anidu,Male
939,Anudha,Male
940,Anuditha,Male
941,Anuja,Male
942,Anujitha,Male
943,Anusara,Male
944,Anusas,Male
945,Apurva,Male
946,Arayan,Male
947,Arithaka,Male
948,Arosh,Male
949,Arshinsa,Male
950,Asel,Male
951,Ashal,Male
952,Ashel,Male
953,Ashvika,Male
954,Asindu,Male
955,Athsara,Male
956,Ayan,Male
957,Ayen,Male
958,Ayesh,Male
959,Ayoddya,Male
960,Ayomal,Male
961,Ayone,Male
962,Ayosh,Male
963,Ayuka,Male
964,Banuja,Male
965,Bashana,Male
966,Bashitha,Male
967,Basith,Male
968,Basura,Male
969,Bathika,Male
970,Bavindu,Male
971,Behansa,Male
972,Belindu,Male
973,Benul,Male
974,Benula,Male
975,Bigun,Male
976,Bihaga,Male
977,Bihan,Male
978,Bihandu,Male
979,Bihara,Male
980,Bihindu,Male
981,Bimalsha,Male
982,Bimsara,Male
983,Bimsitha,Male
984,Binadha,Male
985,Binara,Male
986,Binuka,Male
987,Binula,Male
988,Binura,Male
989,Binusha,Male
990,Bipul,Male
991,Bithul,Male
992,Bonidu,Male
993,Bonuka,Male
994,Bonula,Male
995,Bonura,Male
996,Bosilu,Male
997,Brinal,Male
998,Brynn,Male
999,Budwin,Male
1000,Bumidu,Male
1001,Buthpriya,Male
1002,Buvaneka,Male
1003,Buvindu,Male
1004,Casey,Male
1005,Chamadith,Male
1006,Chamath,Male
1007,Chamidu,Male
1008,Chamuditha,Male
1009,Chandupa,Male
1010,Chaneru,Male
1011,Chaneth,Male
1012,Chanidula,Male
1013,Chanith,Male
1014,Chanmira,Male
1015,Chanuga,Male
1016,Chanuk,Male
1017,Chanuka,Male
1018,Chanul,Male
1019,Chanuth,Male
1020,Charin,Male
1021,Chathika,Male
1022,Chathruka,Male
1023,Chathumina,Male
1024,Chathunka,Male
1025,Chathush,Male
1026,Chathvidu,Male
1027,Chenal,Male
1028,Chenitha,Male
1029,Chenula,Male
1030,Chenush,Male
1031,Chenushka,Male
1032,Chithila,Male
1033,Dakshina,Male
1034,Dakshitha,Male
1035,Damhiru,Male
1036,Damishka,Male
1037,Damithu,Male
1038,Damnath,Male
1039,Damnidu,Male
1040,Damniru,Male
1041,Damrisi,Male
1042,Damsana,Male
1043,Damsath,Male
1044,Damsilu,Male
1045,Damyuru,Male
1046,Danidu,Male
1047,Daniru,Male
1048,Danitha,Male
1049,Danitha,Male
1050,Daniyel,Male
1051,Danoth,Male
1052,Danuja,Male
1053,Dasiru,Male
1054,Dasula,Male
1055,Deemantha,Male
1056,Dehan,Male
1057,Dehen,Male
1058,Deneth,Male
1059,Denul,Male
1060,Denush,Male
1061,Denuwana,Male
1062,Desadul,Male
1063,Desas,Male
1064,Desath,Male
1065,Devin,Male
1066,Dewitha,Male
1067,Dewmika,Male
1068,Dewmin,Male
1069,Dewmith,Male
1070,Dewnith,Male
1071,Dewnitha,Male
1072,Dewnula,Male
1073,Dewram,Male
1074,Dewsara,Male
1075,Dewshitha,Male
1076,Dewtharu,Male
1077,Dewthilina,Male
1078,Didukithmina,Male
1079,Didul,Male
1080,Didula,Male
1081,Didulanga,Male
1082,Diknitha,Male
1083,Dilana,Male
1084,Dilanaka,Male
1085,Dilanka,Male
1086,Dilansha,Male
1087,Dilin,Male
1088,Dilmeth,Male
1089,Dilmina,Male
1090,Dilmith,Male
1091,Dilneth,Male
1092,Diloshana,Male
1093,Dilsha,Male
1094,Dilshika,Male
1095,Dimantha,Male
1096,Dimsara,Male
1097,Dimsith,Male
1098,Dimudu,Male
1099,Dinal,Male
1100,Dinala,Male
1101,Dinarth,Male
1102,Dinhas,Male
1103,Dinidu,Male
1104,Dinijaya,Male
1105,Dinimuthu,Male
1106,Dinol,Male
1107,Dinsara,Male
1108,Dinul,Male
1109,Dinumith,Male
1110,Dinupama,Male
1111,Dinura,Male
1112,Dinushan,Male
1113,Dinuth,Male
1114,Dirineth,Male
1115,Disal,Male
1116,Disala,Male
1117,Disas,Male
1118,Disen,Male
1119,Disidu,Male
1120,Disira,Male
1121,Dithira,Male
1122,Divyanga,Male
1123,Diyan,Male
1124,Diyone,Male
1125,Duhansa,Male
1126,Dulan,Male
1127,Dulanga,Male
1128,Dulantha,Male
1129,Dulen,Male
1130,Dulhara,Male
1131,Dulin,Male
1132,Dulina,Male
1133,Dulinsa,Male
1134,Dulith,Male
1135,Dulitha,Male
1136,Dullna,Male
1137,Dulmen,Male
1138,Dulmeth,Male
1139,Dulmin,Male
1140,Dulmina,Male
1141,Dulmith,Male
1142,Dulmitha,Male
1143,Dulneth,Male
1144,Dulsha,Male
1145,Dumalsha,Male
1146,Duvindu,Male
1147,Duwen,Male
1148,Dwin,Male
1149,Emal,Male
1150,Emalka,Male
1151,Emith,Male
1152,Enorck,Male
1153,Enosh,Male
1154,Enosha,Male
1155,Erandith,Male
1156,Erayan,Male
1157,Esandu,Male
1158,Eshala,Male
1159,Eshan Eden,Male
1160,Eshara,Male
1161,Ethan,Male
1162,Ethish,Male
1163,Flynn,Male
1164,Frank,Male
1165,Gadeesha,Male
1166,Gagamina,Male
1167,Gagan,Male
1168,Gandeera,Male
1169,Ganidu,Male
1170,Garuka,Male
1171,Gavesh,Male
1172,Gavith,Male
1173,Gayanuka,Male
1174,Gayashika,Male
1175,Gayomitha,Male
1176,Geenardh,Male
1177,Geeneth,Male
1178,Geenuka,Male
1179,Geeshan,Male
1180,Geesilu,Male
1181,Geesith,Male
1182,Gihansa,Male
1183,Gihansith,Male
1184,Gimansa,Male
1185,Ginuka,Male
1186,Ginura,Male
1187,Gishan,Male
1188,Givantha,Male
1189,Goshitha,Male
1190,Hansada,Male
1191,Hansaja,Male
1192,Hansaka,Male
1193,Hansana,Male
1194,Hansidu,Male
1195,Harith,Male
1196,Haritha,Male
1197,Haritha,Male
1198,Harun,Male
1199,Harusha,Male
1200,Hasaranda,Male
1201,Hasindu,Male
1202,Hasith,Male
1203,Hasmitha,Male
1204,Helindu,Male
1205,Helitha,Male
1206,Hemanga,Male
1207,Hesara,Male
1208,Heshada,Male
1209,Hesindu,Male
1210,Himansaka,Male
1211,Himaru,Male
1212,Himasal,Male
1213,Himasanka,Male
1214,Himeth,Male
1215,Himsara,Male
1216,Hiranya,Male
1217,Hiruja,Male
1218,Hiruka,Male
1219,Hirun,Male
1220,Imandiev,Male
1221,Imayuru,Male
1222,Imeth,Male
1223,Imira,Male
1224,Indeepa,Male
1225,Indisa,Male
1226,Indusara,Male
1227,Inoddya,Male
1228,Inosh,Male
1229,Inshith,Male
1230,Insuka,Male
1231,Insuka,Male
1232,Inuka,Male
1233,Irash,Male
1234,Irene,Male
1235,Irindu,Male
1236,Isala,Male
1237,Ishitha,Male
1238,Isindu,Male
1239,Isira,Male
1240,Isitha,Male
1241,Isuka,Male
1242,Isula,Male
1243,Isum,Male
1244,Ithan,Male
1245,Ithiksha,Male
1246,Jaith,Male
1247,Janeesh,Male
1248,Janenn,Male
1249,Janidu,Male
1250,Janiru,Male
1251,Janodh,Male
1252,Januna,Male
1253,Jaseth,Male
1254,Jayan,Male
1255,Jayodh,Male
1256,Jeewaka,Male
1257,Jenal,Male
1258,Jevone,Male
1259,Jewell,Male
1260,Jinidu,Male
1261,Jithara,Male
1262,Jithmin,Male
1263,Jithmuka,Male
1264,Jithnuka,Male
1265,Jithum,Male
1266,Jonathan,Male
1267,Jorden,Male
1268,Josh,Male
1269,Kalhan,Male
1270,Kalindu,Male
1271,Kalmira,Male
1272,Kanish,Male
1273,Kasheepa,Male
1274,Kaveera,Male
1275,Kaveeshvara,Male
1276,Kaviru,Male
1277,Kavishan,Male
1278,Kawmina,Male
1279,Kehan,Male
1280,Keminu,Male
1281,Kemira,Male
1282,Kemith,Male
1283,Kemitha,Male
1284,Ken,Male
1285,Kensara,Male
1286,Kenula,Male
1287,Keshara,Male
1288,Keshvara,Male
1289,Kethsara,Male
1290,Kian,Male
1291,Kisal,Male
1292,Kishal,Male
1293,Kithmal,Male
1294,Kithmin,Male
1295,Kithmina,Male
1296,Kithupa,Male
1297,Komitha,Male
1298,Krimash,Male
1299,Krinash,Male
1300,Krishal,Male
1301,Kuchila,Male
1302,Kulindu,Male
1303,Kulitha,Male
1304,Kusalmeth,Male
1305,Kushal,Male
1306,Kushil,Male
1307,Kushmitha,Male
1308,Kyle,Male
1309,Lakidu,Male
1310,Lakira,Male
1311,Lakmith,Male
1312,Lakmitha,Male
1313,Lakshane,Male
1314,Lakvidu,Male
1315,Lasal,Male
1316,Lasitha,Male
1317,Laveen,Male
1318,Layan,Male
1319,Lendula,Male
1320,Levithu,Male
1321,Lewmitha,Male
1322,Limitha,Male
1323,Linodh,Male
1324,Lisansa,Male
1325,Lisath,Male
1326,Lishith,Male
1327,Lithika,Male
1328,Lithula,Male
1329,Lithulka,Male
1330,Liven,Male
1331,Livinu,Male
1332,Lochana,Male
1333,Lothika,Male
1334,Madeesha,Male
1335,Magitha,Male
1336,Maheema,Male
1337,Mahila,Male
1338,Mahima,Male
1339,Malindu,Male
1340,Malinsa,Male
1341,Malitha,Male
1342,Malithu,Male
1343,Malmith,Male
1344,Mandara,Male
1345,Mandil,Male
1346,Mandilu,Male
1347,Mandive,Male
1348,Maneth,Male
1349,Manidu,Male
1350,Manith,Male
1351,Manmitha,Male
1352,Manoddya,Male
1353,Manudha,Male
1354,Manuja,Male
1355,Manujaya,Male
1356,Manuka,Male
1357,Manuth,Male
1358,Mark,Male
1359,Mathika,Male
1360,Mayone,Male
1361,Mayusha,Male
1362,Meditha,Male
1363,Melan,Male
1364,Melanka,Male
1365,Menarth,Male
1366,Menath,Male
1367,Menudu,Male
1368,Menuka,Male
1369,Menula,Male
1370,Menura,Male
1371,Mesath,Male
1372,Methdam,Male
1373,Methdina,Male
1374,Methila,Male
1375,Methmika,Male
1376,Methmitha,Male
1377,Methnada,Male
1378,Methsilu,Male
1379,Methuga,Male
1380,Methuja,Male
1381,Methuka,Male
1382,Methum,Male
1383,Methuma,Male
1384,Mewan,Male
1385,Mewin,Male
1386,Midhmal,Male
1387,Mihijaya,Male
1388,Mihikalpa,Male
1389,Mihiru,Male
1390,Mihisara,Male
1391,Milindu,Male
1392,Minadha,Male
1393,Minaga,Male
1394,Mindula,Male
1395,Mineth,Male
1396,Minidu,Male
1397,Minidula,Male
1398,Minila,Male
1399,Minodh,Male
1400,Minuk,Male
1401,Minuka,Male
1402,Minul,Male
1403,Minula,Male
1404,Minupa,Male
1405,Mitheesha,Male
1406,Mithsara,Male
1407,Mithuru,Male
1408,Miyura,Male
1409,Miyuru,Male
1410,Muditha,Male
1411,Nadul,Male
1412,Nadula,Male
1413,Nadula,Male
1414,Namitha,Male
1415,Nandil,Male
1416,Nanvidu,Male
1417,Nashmika,Male
1418,Naveesh,Male
1419,Navindu,Male
1420,Nehan,Male
1421,Nehandha,Male
1422,Nemin,Male
1423,Nemitha,Male
1424,Nerammya,Male
1425,Nethan,Male
1426,Nethdula,Male
1427,Nethmika,Male
1428,Nethmina,Male
1429,Nethmitha,Male
1430,Nethsara,Male
1431,Nethsilu,Male
1432,Nethuja,Male
1433,Nethuka,Male
1434,Nethul,Male
1435,Nethula,Male
1436,Niduwara,Male
1437,Nidyan,Male
1438,Nidyana,Male
1439,Nijel,Male
1440,Nikesh,Male
1441,Nikesha,Male
1442,Nikila,Male
1443,Nikith,Male
1444,Nikolshana,Male
1445,Nilambara,Male
1446,Nilock,Male
1447,Nimdew,Male
1448,Nimeth,Male
1449,Nimisadu,Male
1450,Nimna,Male
1451,Nimnada,Male
1452,Nimnoth,Male
1453,Nimra,Male
1454,Nimsara,Male
1455,Nimsath,Male
1456,Nimuthu,Male
1457,Nirash,Male
1458,Niresh,Male
1459,Nishakkya,Male
1460,Nisith,Male
1461,Nisitha,Male
1462,Nisura,Male
1463,Nithijaya,Male
1464,Nithika,Male
1465,Nithil,Male
1466,Nithila,Male
1467,Nithinadina,Male
1468,Nithish,Male
1469,Nithulka,Male
1470,Nugara,Male
1471,Nuhansa,Male
1472,Nulan,Male
1473,Nuran,Male
1474,Nuresh,Male
1475,Nuthara,Male
1476,Nuwanidu,Male
1477,Okanda,Male
1478,Okidu,Male
1479,Okindu,Male
1480,Okitha,Male
1481,Okithma,Male
1482,Oleena,Male
1483,Omalmith,Male
1484,Ometh,Male
1485,Omiru,Male
1486,Omishka,Male
1487,Omitha,Male
1488,Omithma,Male
1489,Onel,Male
1490,Oshadh,Male
1491,Oshan,Male
1492,Oshana,Male
1493,Oshen,Male
1494,Oshitha,Male
1495,Osiru,Male
1496,Ovindu,Male
1497,Pamidu,Male
1498,Pamith,Male
1499,Pamodha,Male
1500,Pamuditha,Male
1501,Pansilu,Male
1502,Pasandul,Male
1503,Pavara,Male
1504,Pavith,Male
1505,Pehesara,Male
1506,Pemidu,Male
1507,Peshan,Male
1508,Pinidu,Male
1509,Piumika,Male
1510,Piyumneth,Male
1511,Prabashwara,Male
1512,Pramith,Male
1513,Pramosha,Male
1514,Prathik,Male
1515,Pudithya,Male
1516,Pulanga,Male
1517,Pulasthi,Male
1518,Pulinda,Male
1519,Pulindu,Male
1520,Pulinga,Male
1521,Pumidu,Male
1522,Puvindu,Male
1523,Radale,Male
1524,Radawa,Male
1525,Radeesh,Male
1526,Radeeshan,Male
1527,Radil,Male
1528,Radishka,Male
1529,Rahish,Male
1530,Rajin,Male
1531,Rakitha,Male
1532,Rakithu,Male
1533,Ramal,Male
1534,Ramiru,Male
1535,Ramithu,Male
1536,Ramuditha,Male
1537,Randeepa,Male
1538,Randila,Male
1539,Randina,Male
1540,Randul,Male
1541,Ranhiru,Male
1542,Ranjina,Male
1543,Ranmith,Male
1544,Ranruwan,Male
1545,Ransan,Male
1546,Ransika,Male
1547,Ransith,Male
1548,Ransitha,Male
1549,Ransithu,Male
1550,Ranthis,Male
1551,Ranthula,Male
1552,Ranuga,Male
1553,Ranuka,Male
1554,Ranushan,Male
1555,Ranuvitha,Male
1556,Rasadun,Male
1557,Rashan,Male
1558,Rashel,Male
1559,Rashen,Male
1560,Rashmin,Male
1561,Rashmina,Male
1562,Rasindu,Male
1563,Rathjitha,Male
1564,Raveesha,Male
1565,Ravesh,Male
1566,Ravija,Male
1567,Ravishka,Male
1568,Rehan,Male
1569,Rehendu,Male
1570,Resandu,Male
1571,Reshan,Male
1572,Rigash,Male
1573,Rigasha,Male
1574,Risaja,Male
1575,Risara,Male
1576,Risindu,Male
1577,Risinu,Male
1578,Risone,Male
1579,Rithira,Male
1580,Riveen,Male
1581,Rivinika,Male
1582,Romith Alen,Male
1583,Rosindu,Male
1584,Rovel,Male
1585,Rovinu,Male
1586,Rugeeth,Male
1587,Rumika,Male
1588,Runesh,Male
1589,Rushev,Male
1590,Rusiru,Male
1591,Ruven,Male
1592,Ruveth,Male
1593,Ruviru,Male
1594,Ruwith,Male
1595,Sachen,Male
1596,Sachethana,Male
1597,Sadeera,Male
1598,Sadeesh,Male
1599,Sades,Male
1600,Sadesh,Male
1601,Sadew,Male
1602,Sadil,Male
1603,Saduwara,Male
1604,Sagith,Male
1605,Sajana,Male
1606,Sakith,Male
1607,Sakun,Male
1608,Sakuna,Male
1609,Saleesha,Male
1610,Salindu,Male
1611,Samadith,Male
1612,Samidu,Male
1613,Sanahas,Male
1614,Sandalu,Male
1615,Sandamina,Male
1616,Sandaneth,Male
1617,Sandanika,Male
1618,Sandayuru,Male
1619,Sandeera,Male
1620,Sandeesha,Male
1621,Sandelka,Male
1622,Sandil,Male
1623,Sandul,Male
1624,Sanhitha,Male
1625,Sanidu,Male
1626,Sanijaya,Male
1627,Sanila,Male
1628,Sanithu,Male
1629,Sanmira,Male
1630,Santhul,Male
1631,Santhula,Male
1632,Sanudha,Male
1633,Sanuga,Male
1634,Sanuja,Male
1635,Sanujaya,Male
1636,Sanuka,Male
1637,Sanupa,Male
1638,Sanuth,Male
1639,Sanyuga,Male
1640,Sarindu,Male
1641,Sashen,Male
1642,Sashintha,Male
1643,Sasindu,Male
1644,Sasith,Male
1645,Sasmitha,Male
1646,Sasnada,Male
1647,Sasnitha,Male
1648,Sasvidu,Male
1649,Sasvindu,Male
1650,Sasviru,Male
1651,Sathira,Male
1652,Sathmal,Male
1653,Sathmidu,Male
1654,Sathmira,Male
1655,Sathnidu,Male
1656,Sathsilu,Male
1657,Sathuta,Male
1658,Saundarrya,Male
1659,Saveen,Male
1660,Savinda,Male
1661,Savindu,Male
1662,Savinu,Male
1663,Sayul,Male
1664,Sehadu,Male
1665,Sehas,Male
1666,Sehath,Male
1667,Sehitha,Male
1668,Semel,Male
1669,Semika,Male
1670,Semuthu,Male
1671,Senal,Male
1672,Senan,Male
1673,Senehas,Male
1674,Seneth,Male
1675,Senhiru,Male
1676,Seniru,Male
1677,Senith,Male
1678,Senitha,Male
1679,Senithu,Male
1680,Senuhas,Male
1681,Senuk,Male
1682,Senuka,Male
1683,Senukith,Male
1684,Senul,Male
1685,Senula,Male
1686,Senumitha,Male
1687,Senupa,Male
1688,Senuruk,Male
1689,Senuth,Male
1690,Senutha,Male
1691,Seshan,Male
1692,Sethaga,Male
1693,Sethija,Male
1694,Sethum,Male
1695,Sevitha,Male
1696,Sewmitha,Male
1697,Shakkya,Male
1698,Shalom,Male
1699,Shaluk,Male
1700,Shaluka,Male
1701,Shamen,Male
1702,Shanel,Male
1703,Shanil,Male
1704,Shanilka,Male
1705,Shanuk,Male
1706,Shanul,Male
1707,Shashen,Male
1708,Shashera,Male
1709,Shashila,Male
1710,Shashvindu,Male
1711,Shaven,Male
1712,Shavindu,Male
1713,Shelon,Male
1714,Shenal,Male
1715,Shenil,Male
1716,Shenoy,Male
1717,Shenutha,Male
1718,Sheran,Male
1719,Shevon,Male
1720,Sheyal,Male
1721,Shiran,Male
1722,Shwethika,Male
1723,Sihath,Male
1724,Sihina,Male
1725,Sinal,Male
1726,Sinyura,Male
1727,Sithija,Male
1728,Sithika,Male
1729,Sithil,Male
1730,Sithmina,Male
1731,Sithmuka,Male
1732,Sithuka,Male
1733,Sithumina,Male
1734,Siyapath,Male
1735,Siyum,Male
1736,Soyal,Male
1737,Subath,Male
1738,Suhas,Male
1739,Sumal,Male
1740,Sunera,Male
1741,Suwahas,Male
1742,Suwan,Male
1743,Swenal,Male
1744,Tamesh,Male
1745,Tanuka,Male
1746,Tatsilu,Male
1747,Tavesh,Male
1748,Tehan,Male
1749,Tenuka,Male
1750,Teshan,Male
1751,Tesheen,Male
1752,Teveen,Male
1753,Thamidu,Male
1754,Thamod,Male
1755,Thanula,Male
1756,Thanumitha,Male
1757,Thanuth,Male
1758,Tharin,Male
1759,Tharindra,Male
1760,Tharuk,Male
1761,Tharulka,Male
1762,Thashen,Male
1763,Thasidu,Male
1764,Thasith,Male
1765,Thasitha,Male
1766,Thaswina,Male
1767,Thathmira,Male
1768,Thathsara,Male
1769,Thathsilu,Male
1770,Thaveesh,Male
1771,Thaveru,Male
1772,Thaviru,Male
1773,Thedan,Male
1774,Thedasvin,Male
1775,Theertha,Male
1776,Theharth,Male
1777,Thehas,Male
1778,Thejan,Male
1779,Thejana,Male
1780,Themika,Male
1781,Thenuga,Male
1782,Thenuja,Male
1783,Thenuka,Male
1784,Thenula,Male
1785,Thenura,Male
1786,Thepul,Male
1787,Thesath,Male
1788,Theshal,Male
1789,Thevin,Male
1790,Thevindu,Male
1791,Theviru,Male
1792,Thewanjith,Male
1793,Thewjan,Male
1794,Thewmal,Male
1795,Thewmin,Male
1796,Thewmina,Male
1797,Thewmitha,Male
1798,Thidas,Male
1799,Thidas,Male
1800,Thihasna,Male
1801,Thilaksha,Male
1802,Thimath,Male
1803,Thimuth,Male
1804,Thinal,Male
1805,Thinara,Male
1806,Thineth,Male
1807,Thinuga,Male
1808,Thinuk,Male
1809,Thinuka,Male
1810,Thinura,Male
1811,Thisaga,Male
1812,Thisal,Male
1813,Thisath,Male
1814,Thismitha,Male
1815,Thisum,Male
1816,Thisura,Male
1817,Thivantha,Male
1818,Thiven,Male
1819,Thivindu,Male
1820,Thiviru,Male
1821,Thiwandara,Male
1822,Thrivon,Male
1823,Thulnith,Male
1824,Thumal,Male
1825,Thunidu,Male
1826,Thuvindu,Male
1827,Thuwesh,Male
1828,Timur,Male
1829,Tishan,Male
1830,Udaneth,Male
1831,Udarn,Male
1832,Udithma,Male
1833,Umendra,Male
1834,Umesh,Male
1835,Umeth,Male
1836,Unith,Male
1837,Upeshala,Male
1838,Ushintha,Male
1839,Ushmitha,Male
1840,Uthsara,Male
1841,Uven,Male
1842,Uvindu,Male
1843,Vathisha,Male
1844,Vathsuka,Male
1845,Venuda,Male
1846,Venuka,Male
1847,Venul,Male
1848,Venuraka,Male
1849,Venuth,Male
1850,Vethila,Male
1851,Vethuga,Male
1852,Vethuja,Male
1853,Vethula,Male
1854,Vethun,Male
1855,Vibushitha,Male
1856,Vidas,Male
1857,Vidusara,Male
1858,Vihaga,Male
1859,Vihansa,Male
1860,Vihas,Male
1861,Vikum,Male
1862,Vilhan,Male
1863,Vimalsha,Male
1864,Vindiya,Male
1865,Vinidul,Male
1866,Vinon,Male
1867,Vinuga,Male
1868,Vinuja,Male
1869,Vinuka,Male
1870,Vinul,Male
1871,Vinura,Male
1872,Vinuth,Male
1873,Viran,Male
1874,Viruna,Male
1875,Vishal,Male
1876,Vishan,Male
1877,Vishmika,Male
1878,Vishmitha,Male
1879,Vithula,Male
1880,Viyath,Male
1881,Volisha,Male
1882,Vushan,Male
1883,Wanujitha,Male
1884,Wasura,Male
1885,Yalindu,Male
1886,Yalitha,Male
1887,Yasamina,Male
1888,Yasandu,Male
1889,Yasara,Male
1890,Yasira,Male
1891,Yasiru,Male
1892,Yasith,Male
1893,Yatharth,Male
1894,Yehan,Male
1895,Yehen,Male
1896,Yendive,Male
1897,Yensith,Male
1898,Yenuka,Male
1899,Yenul,Male
1900,Yethmin,Male
1901,Yethula,Male
1902,Yevine,Male
1903,Yohan,Male
1904,Yomash,Male
1905,Yonal,Male
1906,Yoshuwa,Male
1907,Yugantha,Male
1908,Yuhansa,Male
1909,Yumal,Male
1910,Yumira,Male
1911,Yusala,Male
1912,Yuwan,Male
