Name	Gender				
අචින්ත්‍යා	Female				
අදිශානි	Female				
අදිති	Female				
අග්රානි	Female				
අහංසා	Female				
අහර්ෂා	Female				
අහසිකා	Female				
ආකර්ෂා	Female				
අකීෂා	Female				
අකෙන්යා	Female				
අකේෂියා	Female				
අකේත්‍යා	Female				
අකිත්මා	Female				
අක්ෂාදි	Female				
ආලියා	Female				
අමල්මි	Female				
අමන්දි	Female				
අමාෂා	Female				
අමායා	Female				
අමීෂා	Female				
අමිල්කා	Female				
අමින්දි	Female				
අනගි	Female				
අනන්යා	Female				
අනෝෂි	Female				
අනුදිමා	Female				
අනුහංසි	Female				
අනුකි	Female				
අනුෂිමා	Female				
අනුත්මි	Female				
අප්සරා	Female				
ආරද්‍යා	Female				
අරලියා	Female				
අරෙලි	Female				
ආකර්ෂි	Female				
අරෝෂිකා	Female				
අරුන්දි	Female				
අශානි	Female				
අශායා	Female				
අශෙන්යා	Female				
අශිංසා	Female				
අශ්විකා	Female				
අශ්විනි	Female				
අසිනි	Female				
අතිස්ටා	Female				
අයංසා	Female				
අයේෂ්මා	Female				
අයිෂා	Female				
අයෝද්‍යා	Female				
අයෝනි	Female				
ආයුකා	Female				
බෙහන්සා	Female				
බිහක්ෂි	Female				
බිහේෂා	Female				
බිලංකා	Female				
බිලේෂා	Female				
බිමල්කා	Female				
බිමල්ෂා	Female				
බිමන්ලි	Female				
බිම්ෂි	Female				
බිම්සාරි	Female				
බිනදි	Female				
බිනක්ෂි	Female				
බිනාලි	Female				
බිනරි	Female				
බිනුදි	Female				
බිනුකි	Female				
බිනූෂා	Female				
බිනුති	Female				
බිවින්දි	Female				
බුවනි	Female				
බුවනිජා	Female				
චාලුක්‍යා	Female				
චමල්කා	Female				
චමල්ෂා	Female				
චමල්ෂි	Female				
චමාෂා	Female				
චමති	Female				
චමත්කා	Female				
චමිල්කා	Female				
චමිල්කි	Female				
චමෝදි	Female				
චමොත්මා	Female				
චමුදිතා	Female				
චමුදි	Female				
චන්දුලා	Female				
චැනේලි	Female				
චැනල්කා	Female				
චනේති	Female				
චනුදි	Female				
චානුත්මි	Female				
චාන්යා	Female				
චාරුකා	Female				
චාරුක්‍යා	Female				
චාරුන්ද්යා	Female				
චාසින්දි	Female				
චතුකි	Female				
චතුමිකා	Female				
චතුනිකා	Female				
චතුරංගි	Female				
චතූෂි	Female				
චාවින්දි	Female				
චෙනෙති	Female				
චෙනෙත්මා	Female				
චෙනෙත්මි	Female				
චෙනුලි	Female				
චෙනුමි	Female				
චෙනුෂි	Female				
චෙනුති	Female				
චේතනා	Female				
චේතිකා	Female				
චිතිකා	Female				
චිතුකි	Female				
චිතුලි	Female				
දහම්‍යා	Female				
දාලියා	Female				
දනරා	Female				
දානා	Female				
ධනේෂා	Female				
දාසිනි	Female				
දෙහරා	Female				
දෙහසා	Female				
දැහැමි	Female				
ඩෙමිනි	Female				
දීනීශා	Female				
දෙනේති	Female				
දෙනෙත්මි	Female				
දෙනෙත්නි	Female				
දෙනෙත්	Female				
දෙනිශා	Female				
දෙනුදි	Female				
දෙනුෂ්ක	Female				
දෙනුත්තරා	Female				
දේසඳුලි	Female				
දේශා	Female				
දේශ්මි	Female				
දෙශ්නි	Female				
දෙවන්සා	Female				
දෙවන්ෂා	Female				
දෙවර්ෂි	Female				
දෙවින්දි	Female				
දෙවෝෂි	Female				
දෙව්රි	Female				
දෙව්සරා	Female				
දෙව්දු	Female				
දෙව්ජානි	Female				
දෙව්නි	Female				
දෙව්නිති	Female				
දෙව්තිලිනී	Female				
දම්ශා	Female				
දිදුලි	Female				
දිහංස	Female				
දිහාරා	Female				
දිහසා	Female				
දික්නිතා	Female				
දිලංක	Female				
ඩිලාන්ෂා	Female				
ඩිලාෂි	Female				
දිලෙන්යා	Female				
දිල්මනී	Female				
දිල්මි	Female				
දිල්නි	Female				
දිලෝෂණ	Female				
දිල්සර	Female				
දිල්ෂාර	Female				
දිල්ෂාරි	Female				
දිල්ෂිකා	Female				
දිලුමි	Female				
දිමාලි	Female				
ඩිමල්මි	Female				
දිමත්මි	Female				
දිම්සර	Female				
දිනදී	Female				
ඩිනාලි	Female				
දිනේලි	Female				
දිනෙත්මා	Female				
දිනෙත්මි	Female				
දිනේත්‍රා	Female				
දිනෙත්‍යා	Female				
දිනිදි	Female				
දිනිලි	Female				
දිනිසර	Female				
දිනිති	Female				
දින්ලිනි	Female				
දිනසරා	Female				
දිනුදි	Female				
දිනුදිකා	Female				
දිනුගි	Female				
දිනුජන	Female				
දිනුජි	Female				
දිනුක	Female				
දිනුකි	Female				
දිනුලි	Female				
දිනුති	Female				
දිනුත්නි	Female				
දිසානා	Female				
දිශා	Female				
දිසුලි	Female				
දිත්මි	Female				
දිවීෂා	Female				
දිවෙත්මා	Female				
දිව්‍යංගනී	Female				
දිව්‍යංගි	Female				
දිව්‍යානි	Female				
දිව්‍යාංජලි	Female				
දියනා	Female				
දියන්සා	Female				
දුආශා	Female				
දුහාරා	Female				
දුලන්දරා	Female				
දුලංගි	Female				
දුලංසා	Female				
දුලන්යා	Female				
දුලාෂි	Female				
දුලීෂා	Female				
දුලේෂා	Female				
දුලේෂ්මි	Female				
දුලේශ්නි	Female				
දුල්හාරා	Female				
දුලිනි	Female				
දුලිති	Female				
දුල්මි	Female				
දුල්මිතා	Female				
දුල්නෙති	Female				
දුල්නි	Female				
දුල්නිතා	Female				
දුල්ෂාරා	Female				
දුල්ෂි	Female				
දුමාලමි	Female				
දුමල්ෂා	Female				
දුනාරා	Female				
දුනීෂා	Female				
දුනෙත්මා	Female				
දුනිති	Female				
දුශානි	Female				
දුවේනි	Female				
ඉමාෂා	Female				
එසන්දි	Female				
එෂානි	Female				
ගවේශී	Female				
ගව්රාවි	Female				
ගයාන්දි	Female				
ගයත්මා	Female				
ගයෝමි	Female				
ගයුකි	Female				
ගෙවින්නයා	Female				
ගිහාමි	Female				
ගිහංගා	Female				
ගිම්සාරා	Female				
ගිෂෝනු	Female				
ගීත්මා	Female				
ගීත්මි	Female				
ගුවානි	Female				
හරිනි	Female				
හරින්යා	Female				
හසන්දි	Female				
හසින්දි	Female				
හස්මිනි	Female				
හේමාෂි	Female				
හනීෂා	Female				
හෙසන්යා	Female				
හේෂාදි	Female				
හේෂානි	Female				
හේෂිනි	Female				
හෙෂ්නි	Female				
හිමංසා	Female				
හිමාරා	Female				
හිමායා	Female				
හිමෙනා	Female				
හිමෙත්මි	Female				
හිම්සාදි	Female				
හිරන්‍යා	Female				
හිරුජා	Female				
හිරුකි	Female				
හිරුන්දි	Female				
හිතේෂි	Female				
හිත්මි	Female				
හිතුෂි	Female				
ඉලීෂා	Female				
ඉමන්දි	Female				
ඉමානි	Female				
ඉමංෂා	Female				
ඉමාන්යා	Female				
ඉමායා	Female				
ඉමෙල්කා	Female				
ඉමේෂා	Female				
ඉන්හාරා	Female				
ඉන්සාරි	Female				
ඉනුදි	Female				
ඉනුගි	Female				
ඉනුමි	Female				
ඉරෝමා	Female				
ඉරෝෂා	Female				
ඉර්ෂානි	Female				
ඉරුෂි	Female				
ඉරුත්මා	Female				
ඉසාරි	Female				
ඉෂිනි	Female				
ඉසුලි	Female				
ඉතික්ෂා	Female				
ජනීෂා	Female				
ජනෙත්‍යා	Female				
ජනිදි	Female				
ජනිත‍්‍රිකා	Female				
ජානිත්‍ය	Female				
ජානුකි	Female				
ජනුලි	Female				
ජනුනි	Female				
ජනුති	Female				
ජාවිත්‍යා	Female				
ජයමි	Female				
ජයවි	Female				
ජෙහන්සා	Female				
ජෙනුලි	Female				
ජෙරෝමි	Female				
ජෙත්මි	Female				
ජිනෙත්මා	Female				
ජොආනා	Female				
කවිත්මා	Female				
කව්මින්දි	Female				
කවිති	Female				
කේමිණි	Female				
කෙනුලි	Female				
කේශනා	Female				
කේතකී	Female				
කෙත්මි	Female				
කෙයාරා	Female				
කිනුරි	Female				
කිෂේනි	Female				
කිත්මි	Female				
කිත්මිණි	Female				
කිත්නුලි	Female				
කිතුකි	Female				
කෝෂෙලා	Female				
ක්‍රිෂා	Female				
ක්‍රිෂෙයිනි	Female				
ක්‍රිෂින්‍යා	Female				
කුලංස	Female				
කුල්ෂාලි	Female				
කුල්ශානි	Female				
කුෂානි	Female				
ලනීෂා	Female				
ලාවන්‍යා	Female				
ලෙහංසි	Female				
ලෙමාෂා	Female				
ලෙනාෂා	Female				
ලෙසන්මා	Female				
ලෙසන්සා	Female				
ලිහංසා	Female				
ලිහිණි	Female				
ලිමන්සා	Female				
ලිනාෂා	Female				
ලිනෝජා	Female				
ලිසාදි	Female				
ලිසන්සා	Female				
ලිසන්යා	Female				
ලිසාරා	Female				
ලිසස්නා	Female				
ලිසිනි	Female				
ලිතජා	Female				
ලිතාරා	Female				
ලිත්මිණි	Female				
ලිතුලි	Female				
ලිතුල්කි	Female				
ලිතුමි	Female				
ලිතුනි	Female				
ලියන	Female				
ලොහාරා	Female				
ලොහාෂා	Female				
ලෝතිකා	Female				
මධුෂලනි	Female				
මහේෂිකා	Female				
මහීමා	Female				
මලීෂා	Female				
මාලිකා	Female				
මලින්දි	Female				
මලින්ෂා	Female				
මල්කි	Female				
මල්ෂි	Female				
මන්දාකිනි	Female				
මානෙල්කා	Female				
මනෝදා	Female				
මනෝද්‍යා	Female				
මනෝදි	Female				
මනෝලි	Female				
මනෝත්මි	Female				
මනුදී	Female				
මනුගි	Female				
මනුජි	Female				
මනුකි	Female				
මනුති	Female				
මපාෂා	Female				
මතීෂා	Female				
මයිති	Female				
මයෝමි	Female				
මයුවින්දි	Female				
මේදිති	Female				
මෙලන්කා	Female				
මෙලින්සා	Female				
මෙනුලි	Female				
මෙනුරි	Female				
මෙත්තාරා	Female				
මෙත්මි	Female				
මෙත්නාදි	Female				
මෙත්නි	Female				
මෙත්සිලිනි	Female				
මෙත්සිළුනි	Female				
මෙත්සිසි	Female				
මෙත්සුවි	Female				
මෙතුකි	Female				
මෙතුලි	Female				
මෙතුමිණි	Female				
මෙතුනි	Female				
මෙතුනිමා	Female				
මෙතුශා	Female				
මෙතුෂි	Female				
මිහාරා	Female				
මිහේලි	Female				
මිහින්දි	Female				
මිහින්දි	Female				
මිහිනි	Female				
මිකෙලා	Female				
මිනාදි	Female				
මින්දාරා	Female				
මින්දුනි	Female				
මින්හා	Female				
මිනෝලි	Female				
මිනෝෂා	Female				
මින්සහා	Female				
මින්සරා	Female				
මිනුලි	Female				
මිනුමි	Female				
මිනුරි	Female				
මිනූෂා	Female				
මිසාදී	Female				
මිෂාදි	Female				
මිෂෙලි	Female				
මිතිලි	Female				
මිතුකි	Female				
මිතුමි	Female				
මියුරංගි	Female				
මෝදිතා	Female				
මොනීෂා	Female				
මුදිතා	Female				
නදෙව්නි	Female				
නදීංස	Female				
නදීන්ෂා	Female				
නදුලි	Female				
නජීලියා	Female				
නාලිකා	Female				
නවනී	Female				
නවනි	Female				
නවෝලි	Female				
නෙහන්සා	Female				
නෙහාරා	Female				
නෙහාරි	Female				
නෙසගි	Female				
නෙසන්දි	Female				
නේෂාන්දි	Female				
නේෂාරි	Female				
නෙතංගි	Female				
නෙතන්යා	Female				
නෙතාරා	Female				
නෙතාරි	Female				
නෙත්මිකා	Female				
නෙත්සරණි	Female				
නෙතුගි	Female				
නෙතුකි	Female				
නෙතුලි	Female				
නෙතුලිමා	Female				
නෙතුමි	Female				
නෙතුනි	Female				
නෙතුනිකා	Female				
නෙතුපා	Female				
නෙතුසාදි	Female				
නෙතුෂිමා	Female				
නෙතුෂි	Female				
නෙතූ	Female				
නිදියා	Female				
නිහන්සා	Female				
නිහාරි	Female				
නිකිණි	Female				
නිකිටා	Female				
නිකිතා	Female				
නිලේෂි	Female				
නිල්මි	Female				
නිම්හානි	Female				
නිම්නා	Female				
නිම්නි	Female				
නිම්රා	Female				
නිම්ෂාදි	Female				
නිම්ෂි	Female				
නිම්තාරා	Female				
නිපුල්මා	Female				
නිරෝදා	Female				
නිරෝෂිකා	Female				
නිසදිම	Female				
නිසාරි	Female				
නිශිත්මා	Female				
නිසුරි	Female				
නිතාරා	Female				
නිතීෂා	Female				
නිතිකා	Female				
නිතිලි	Female				
නිතිල්ක	Female				
නිත්මි	Female				
නිතුලි	Female				
නිතුනි	Female				
නිත්‍යා	Female				
නිවේන්යා	Female				
නුහන්සා	Female				
නුහන්ෂා	Female				
නුරේෂි	Female				
නුතරා	Female				
නුවන්දර	Female				
නුවන්දි	Female				
ඔමෙත්මි	Female				
ඔමින්දි	Female				
ඔනෙලා	Female				
ඔනෙලි	Female				
ඔනීෂා	Female				
ඔසන්දි	Female				
ඔෂානි	Female				
ඔෂාරි	Female				
ඔෂිකා	Female				
ඔෂිනි	Female				
ඕවින්දි	Female				
ඔවිනි	Female				
පහන්යා	Female				
පමෝදි	Female				
පමුදි	Female				
පසන්දි	Female				
පසින්ද්‍ය	Female				
පෙත්මි	Female				
පිනිදි	Female				
පූර්ණි	Female				
පොෂ්යා	Female				
ප්‍රතිභාවි	Female				
ප්‍රවිශ්ක	Female				
ප්‍රේමන්දි	Female				
ප්‍රික්ෂලා	Female				
පුබුද්මි	Female				
පුමිදි	Female				
පූර්මි	Female				
පූර්ණි	Female				
පූර්වි	Female				
රයිනි	Female				
රලිනි	Female				
රන්මි	Female				
රන්මිණි	Female				
රන්රුවී	Female				
රනුලි	Female				
රෂානි	Female				
රශෙරා	Female				
රශිකා	Female				
රෂින්දි	Female				
රශ්මින්දි	Female				
රශ්විනී	Female				
රසුනි	Female				
රවීන්දි	Female				
රෙහා	Female				
රෙහන්සා	Female				
රෙහාන්ෂා	Female				
රෙහස්නි	Female				
රෙනීෂා	Female				
රෙනීෂා	Female				
රෙන්රුවි	Female				
රේණුෂි	Female				
රෙෂාදි	Female				
රෙෂානි	Female				
රෙශේනි	Female				
රෙෂ්මින්දි	Female				
රෙසුනි	Female				
රේතිකා	Female				
රෙත්නි	Female				
රෙතුෂි	Female				
රිගාෂා	Female				
රිසන්දි	Female				
රිසත්යා	Female				
රිෂ්නි	Female				
රිත්මි	Female				
රිතූ	Female				
රිව්කා	Female				
රියෝනි	Female				
රොමේෂිකා	Female				
රොමිෂ්කා	Female				
රොනීෂා	Female				
රොශ්මි	Female				
රොශ්නි	Female				
රුහල්ෂි	Female				
රුහන්සා	Female				
රුමේද	Female				
රුමිකා	Female				
රුනිදි	Female				
රුසිරින්දි	Female				
රුවීෂා	Female				
රුවින්දි	Female				
රුවින්කා	Female				
රුවින්සා	Female				
රුවිෂා	Female				
රුවිති	Female				
රුවිත්මා	Female				
සදේශා	Female				
සදෙව්මි	Female				
සදෙව්නි	Female				
සහේලි	Female				
සහිනි	Female				
සකිත්මා	Female				
සකිත්මි	Female				
සකුනි	Female				
සමලි	Female				
සාමිත්‍රී	Female				
සඳලි	Female				
සඳමිනී	Female				
සඳනි	Female				
සඳපාමි	Female				
සඳසි	Female				
සන්දීෂා	Female				
සඳෙව්මා	Female				
සඳෙව්මි	Female				
සඳෙව්නි	Female				
සඳිනි	Female				
සඳුනිකා	Female				
සඳුපමා	Female				
සනීරා	Female				
සනෙලි	Female				
සනිති	Female				
සනිත්යා	Female				
සංජලී	Female				
සංකේති	Female				
සනොලි	Female				
සනුදි	Female				
සනුගි	Female				
සනුජනා	Female				
සනුකි	Female				
සනුලි	Female				
සනුමි	Female				
සනුෂි	Female				
සනුති	Female				
සනුත්මි	Female				
සන්යා	Female				
සාරන්යා	Female				
සාරින්දි	Female				
සරුති	Female				
සසන්දි	Female				
සසංක	Female				
සසන්යා	Female				
සසේලි	Female				
සසේනි	Female				
සසෙන්යා	Female				
ශෂිනි	Female				
සසිකි	Female				
සසින්දි	Female				
සසිනි	Female				
සස්මිලි	Female				
සස්නි	Female				
සස්නිති	Female				
සස්වින්දි	Female				
සත්නාදි	Female				
සත්නිදි	Female				
සැවන්දි	Female				
සවිද්‍යා	Female				
සවින්දි	Female				
සවිනි	Female				
සවින්යා	Female				
සවන්දි	Female				
සයාරා	Female				
සයුම්දි	Female				
සයුමි	Female				
සයුනි	Female				
සයුරිනි	Female				
සෙනුදි	Female				
සෙනුද්‍රි	Female				
සෙනුලි	Female				
සෙනුල්යා	Female				
සෙනුත්මි	Female				
සෙනුත්‍රි	Female				
ශේෂා	Female				
සේතක්ෂ	Female				
සෙතුලි	Female				
සෙතුම්ලි	Female				
සේයාලි	Female				
සෙයාර	Female				
ෂහේන්සා	Female				
ශයිනි	Female				
ශලනි	Female				
ශාලිය	Female				
ශලෝමි	Female				
ශමේන්ද්‍රි	Female				
ශනාලි	Female				
ෂැනලි	Female				
ශානියා	Female				
ශනුලි	Female				
ශනුති	Female				
ශෂේරා	Female				
ශෂින්දි	Female				
ශෂිනි	Female				
ශෂ්ලිනා	Female				
ශෂ්ලිනි	Female				
ශෂ්මි	Female				
ශෂ්නි	Female				
ශෂ්විනි	Female				
ශෙලනී	Female				
ෂෙලි	Female				
ශෙලෝමි	Female				
ෂෙමායා	Female				
ශෙනරා	Female				
ශේනු	Female				
ශේනු	Female				
ශෙරා	Female				
ශෙරි	Female				
ශේෂාදි	Female				
ශෙවීනා	Female				
ශෙයාලි	Female				
ශිවෝනා	Female				
සිහන්සා	Female				
සිහත්ම	Female				
සිනෙලි	Female				
සිතීෂා	Female				
සිතේජා	Female				
සිතිකී	Female				
සිතිලි	Female				
සිත්ලිනි	Female				
සිත්මි	Female				
සිත්නි	Female				
සිත්සිසි	Female				
සිතුකි	Female				
සිතුලි	Female				
සිතුම්දි	Female				
සිතුම්සරා	Female				
සිතුනි	Female				
සියත්‍රා	Female				
සොරාය	Female				
සුලක්ක්‍යා	Female				
සුමෙත්මා	Female				
සුනෙල්කා	Female				
සුපිපි	Female				
සුරින්දි	Female				
සුවනි	Female				
සුවින්දි	Female				
සුවිනි	Female				
තමිල්කා	Female				
තනකා	Female				
තනවී	Female				
ටනීෂා	Female				
තනුෂි	Female				
තාරුකි	Female				
ටෙහානි	Female				
තෙනුජි	Female				
තෙනුලි	Female				
ටෙනුරි	Female				
ටෙසී	Female				
තමල්කා	Female				
තමෂා	Female				
තමෂි	Female				
තනීෂා	Female				
තනුකි	Female				
තනූෂා	Female				
තනුෂ්ක	Female				
තනුෂ්කි	Female				
තරුකි	Female				
තරින්දි	Female				
තරින්ද්‍යා	Female				
තරිනි	Female				
තරිත්මා	Female				
තරුදි	Female				
තාරුකී	Female				
තරුලි	Female				
තරුල්‍ය	Female				
තරුණදි	Female				
තරුපමා	Female				
තෂ්මි	Female				
තෂ්මිකා	Female				
තශ්නි	Female				
තසිනි	Female				
තත්සරණි	Female				
තෙහානි	Female				
තේජා	Female				
තේනුකි	Female				
තේනුරි	Female				
තේනුත්මි	Female				
තෙපුලි	Female				
තෙසරි	Female				
තේෂානා	Female				
තෙෂාරි	Female				
තෙවින්දි	Female				
තිලාරා	Female				
තිලින්යා	Female				
තිමාලි	Female				
තිමෙත්යා	Female				
තිනාරා	Female				
තිනිති	Female				
තිනුදි	Female				
තිනුගි	Female				
තිනුමි	Female				
තිරුණි	Female				
තිසන්දි	Female				
තිසංසා	Female				
තිසරණි	Female				
තිසාරි	Female				
තිසෙත්මි	Female				
තිශංෂා	Female				
තිසිදි	Female				
තිසිනි	Female				
තිසුලි	Female				
තිසුමි	Female				
තිසුනි	Female				
තිවෙන්යා	Female				
තිවින්දි	Female				
ත්‍රිශ්නි	Female				
තුල්යා	Female				
තුල්නෙති	Female				
තුශාදි	Female				
තුසුම්ලි	Female				
තුවේශ	Female				
තිමාෂා	Female				
තිනාරා	Female				
තිසාදි	Female				
තිසරි	Female				
තිශානි	Female				
උමේෂිකා	Female				
උෂ්මිලා	Female				
උත්තරා	Female				
උතුමි	Female				
උවන්යා	Female				
උවින්දි	Female				
වෙනුදි	Female				
වෙනුකි	Female				
වෙනුති	Female				
විචක්ෂණී	Female				
විදස්නා	Female				
විදුදිනී	Female				
විදුලන	Female				
විදුනදී	Female				
විහගි	Female				
විහන්දි	Female				
විහඟ	Female				
විහඟි	Female				
විහංසා	Female				
විහාරි	Female				
විහේලි	Female				
විහිනි	Female				
විමල්ෂා	Female				
විමල්ෂි	Female				
විමන්ෂා	Female				
විචාරණ	Female				
විමාෂා	Female				
විමාෂි	Female				
විමාෂි	Female				
වින්ද්‍යා	Female				
වින්දි	Female				
විඳුලි	Female				
විනෝෂි	Female				
විනුදි	Female				
විනුදිනි	Female				
විනුගි	Female				
විනුකි	Female				
විනුලි	Female				
විනුරි	Female				
විනුති	Female				
විරංගි	Female				
විශානි	Female				
විශ්මි	Female				
විශ්නි	Female				
විශ්වි	Female				
විතිල	Female				
විතුලි	Female				
විතුමි	Female				
විතුනි	Female				
විවේකා	Female				
වොලීෂා	Female				
වරුෂි	Female				
වෙත්මිණි	Female				
යමින්සා	Female				
යංසිලි	Female				
යනුරි	Female				
යනුෂි	Female				
යසස්වි	Female				
යශිකා ය	Female				
යශ්නි	Female				
යසිනි	Female				
යසින්තා ය	Female				
යෙහන්සා	Female				
යෙහාරා	Female				
යෙහාරි	Female				
යෙහෙනි	Female				
යේමන්සා	Female				
යේනාරා	Female				
යෙනෙල්කා	Female				
යෙන්මා	Female				
යෙනුකි	Female				
යෙනුලි	Female				
යෙනුෂි	Female				
යෙෂිකා	Female				
යෙත්මා	Female				
යෙත්මි	Female				
යොමාෂි	Female				
යුහන්සා	Female				
යුපස්නා	Female				
යුත්මි	Female				
යුවනි	Female				
අබීත	Male				
අභිලාෂ්	Male				
අබිනද	Male				
අභිනුක	Male				
අබිසස්	Male				
අචිර	Male				
ආදම්	Male				
අදීක්ෂණ	Male				
අදීප	Male				
අදීශ්	Male				
අදිත	Male				
අගශ්	Male				
අගතිසි	Male				
අකීශ	Male				
අකේන්	Male				
අකිදු	Male				
අකිල	Male				
අකිත්	Male				
ආලෝක	Male				
අමල්ක	Male				
අමාමත්	Male				
අමයුරු	Male				
අමිල්ක	Male				
අමින්ද	Male				
ඇන්ඩෘ	Male				
අනිදු	Male				
අනුද	Male				
අනුදිත	Male				
අනුජ	Male				
අනුජිත	Male				
අනුසාර	Male				
අනුසස්	Male				
අපූර්ව	Male				
අරයන්	Male				
අරිතාක	Male				
අරෝෂ්	Male				
අර්ෂිංස	Male				
අසෙල්	Male				
අශාල්	Male				
අශෙල්	Male				
අශ්වික	Male				
අසිඳු	Male				
අත්සර	Male				
අයන්	Male				
අයෙන්	Male				
අයේශ්	Male				
අයෝද්‍ය	Male				
අයෝමල්	Male				
අයෝශ්	Male				
ආයුක	Male				
බානුජා	Male				
බෂානා	Male				
භාෂිත	Male				
බාසිත්	Male				
බාසුරා	Male				
භාතික	Male				
බවිඳු	Male				
බෙහන්ස	Male				
බෙලිඳු	Male				
බෙනුල්	Male				
බෙනුලා	Male				
බිගුන්	Male				
බිහග	Male				
බිහාන්	Male				
බිහන්දු	Male				
බිහාරය	Male				
බිහිඳු	Male				
බිමල්ෂා	Male				
බිම්සර	Male				
බිම්සිත	Male				
බිනද	Male				
බිනර	Male				
බිනුක	Male				
බිනුල	Male				
බිනුර	Male				
බිනූෂ	Male				
බිපුල්	Male				
බිතුල්	Male				
බොනිදු	Male				
බෝනුක	Male				
බොනුල	Male				
බෝනුර	Male				
බෝසිළු	Male				
බ්‍රිනල්	Male				
බුමිදු	Male				
බුවනෙක	Male				
බුවිඳු	Male				
චමදිත්	Male				
චමත්	Male				
චමිදු	Male				
චමුදිත	Male				
චන්දුප	Male				
චානේරු	Male				
චානෙත්	Male				
චනිදුල	Male				
චනිත්	Male				
චන්මිර	Male				
චානුග	Male				
චානුක්	Male				
චානුක	Male				
චානුල්	Male				
චනුත්	Male				
චාරින්	Male				
චාතික	Male				
චතුරක	Male				
චතුමිණ	Male				
චතුන්ක	Male				
චතුෂ්	Male				
චත්විදු	Male				
ෂෙනාල්	Male				
චේනිත	Male				
චෙනුල	Male				
චෙනුෂ්	Male				
චෙනුෂ්ක	Male				
චිතිල	Male				
දක්ෂිණ	Male				
දක්ෂිත	Male				
දම්හිරු	Male				
දමිෂ්ක	Male				
දමිතු	Male				
දම්නාත්	Male				
දම්නිදු	Male				
දම්නිරු	Male				
දම්රිසි	Male				
දම්සන	Male				
දම්සත්	Male				
දම්සිලු	Male				
දමියුරු	Male				
දනිදු	Male				
දනිරු	Male				
දනිත	Male				
ඩැනියෙල්	Male				
දනොත්	Male				
දනුජ	Male				
දසිරු	Male				
දසුල	Male				
දීමන්ත	Male				
දේහාන්	Male				
දෙහෙන්	Male				
දෙනෙත්	Male				
ඩෙනුල්	Male				
දේනුෂ්	Male				
දෙනුවන	Male				
දෙසදුල්	Male				
දෙසස්	Male				
දෙසත්	Male				
ඩෙවින්	Male				
දෙවිට	Male				
දෙව්මික	Male				
දෙව්මින්	Male				
දෙව්මිත්	Male				
ඩෙනිත්	Male				
දෙව්නිත	Male				
දෙව්නුල	Male				
දෙව්රම්	Male				
දෙව්සර	Male				
දෙව්ශිත	Male				
දෙව්තරු	Male				
දෙව්තිලින	Male				
දිදුකිත්මින	Male				
දිදුල්	Male				
දිදුල	Male				
දිදුලංග	Male				
දික්නිත	Male				
ඩිලාන	Male				
දිලනක	Male				
දිලංක	Male				
ඩිලාන්ෂා	Male				
දිලින්	Male				
දිල්මෙත්	Male				
දිල්මින	Male				
දිල්මිත්	Male				
දිල්නෙත්	Male				
දිලෝෂණ	Male				
දිල්ෂා	Male				
දිල්ෂික	Male				
දීමන්ත	Male				
දිම්සර	Male				
ඩිම්සිත්	Male				
දිමුදු	Male				
ඩිනල්	Male				
දිනල	Male				
ඩිනාර්ත්	Male				
ඩින්හාස්	Male				
දිනිදු	Male				
දිනිජය	Male				
දිනිමුතු	Male				
ඩිනෝල්	Male				
දිනසර	Male				
දිනුල්	Male				
දිනුමිත්	Male				
දිනුපමා	Male				
දිනුර	Male				
දිනුෂාන්	Male				
දිනුත්	Male				
දිරිනෙත්	Male				
දිසාල්	Male				
දිසාල	Male				
දිසස්	Male				
ඩිසෙන්	Male				
දිසිදු	Male				
දිසිර	Male				
දිතිර	Male				
දිව්‍යාංග	Male				
දියන්	Male				
ඩයොන්	Male				
දුහන්ස	Male				
දුලාන්	Male				
දුලංග	Male				
දුලන්ත	Male				
දුලන්	Male				
දුල්හාර	Male				
දුලින්	Male				
දුලිනා	Male				
දුලින්ස	Male				
දුලිත්	Male				
දුලිත	Male				
දුල්න	Male				
දුල්මෙත්	Male				
දුල්මින්	Male				
දුල්මින	Male				
දුල්මිත්	Male				
දුල්මිත	Male				
දුල්නෙත්	Male				
දුල්ෂ	Male				
දුමල්ෂ	Male				
දුවිඳු	Male				
දුවේන්	Male				
ඩ්වින්	Male				
එමාල්	Male				
එමල්ක	Male				
එමිත්	Male				
එනෝර්ක්	Male				
ඒනොෂ්	Male				
එනෝෂ	Male				
එරන්දිත්	Male				
එරායන්	Male				
එසඳු	Male				
එෂල	Male				
එෂාන් ඊඩන්	Male				
එෂාර	Male				
ඊතන්	Male				
එතිෂ්	Male				
ෆ්ලින්	Male				
ෆ්රෑන්ක්	Male				
ගදීෂ	Male				
ගගාමින	Male				
ගගන්	Male				
ගන්ධීර	Male				
ගනිදු	Male				
ගරුක	Male				
ගවේශ්	Male				
ගවිත්	Male				
ගයානුක	Male				
ගයාෂික	Male				
ගයෝමිත	Male				
ගීනෙත්	Male				
ගීනුක	Male				
ගීෂාන්	Male				
ගීසිලු	Male				
ගීසිත්	Male				
ගිහංස	Male				
ගිහන්සිත්	Male				
ගිමන්සා	Male				
ගිනුක	Male				
ගිනුර	Male				
ගිෂාන්	Male				
ගිවන්ත	Male				
ගෝෂිත	Male				
හංසදා	Male				
හංසජා	Male				
හංසක	Male				
හංසනා	Male				
හන්සිදු	Male				
හරිත්	Male				
හරිත	Male				
හරිත	Male				
හරුන්	Male				
හරුෂා	Male				
හසරන්ද	Male				
හසිඳු	Male				
හසිත්	Male				
හස්මිත	Male				
හෙලිඳු	Male				
හේලිත	Male				
හේමංග	Male				
හෙසර	Male				
හේෂාද	Male				
හෙසිඳු	Male				
හිමංසක	Male				
හිමරු	Male				
හිමසාල්	Male				
හිමසංක	Male				
හිමෙත්	Male				
හිම්සර	Male				
හිරණ්‍ය	Male				
හිරුජ	Male				
හිරුක	Male				
හිරුන්	Male				
ඉමන්ඩිව්	Male				
ඉමයුරු	Male				
ඉමෙත්	Male				
ඉමිර	Male				
ඉන්දීප	Male				
ඉන්දිස	Male				
ඉඳුසාර	Male				
ඉනෝද්‍ය	Male				
ඉනෝෂ්	Male				
ඉන්ෂිත්	Male				
ඉන්සුක	Male				
ඉනුකා	Male				
ඉරෂ්	Male				
අයිරින්	Male				
ඉරිඳු	Male				
ඉසල	Male				
ඉෂිත	Male				
ඉසිඳු	Male				
ඉසිර	Male				
ඉසිත	Male				
ඉසුක	Male				
ඉසුල	Male				
ඉසුම්	Male				
ඉතාන්	Male				
ඉතික්ෂ	Male				
ජායිත්	Male				
ජනීෂ්	Male				
ජනෙන්	Male				
ජනිදු	Male				
ජනීරු	Male				
ජනෝද්	Male				
ජනුන	Male				
ජසෙත්	Male				
ජයන්	Male				
ජයෝද්	Male				
ජීවක	Male				
ජෙනල්	Male				
ජුවල්	Male				
ජනිදු	Male				
ජිතාර	Male				
ජිත්මින්	Male				
ජිත්මුක	Male				
ජිත්නුක	Male				
ජිතුම්	Male				
ජොනතන්	Male				
කල්හන්	Male				
කලිඳු	Male				
කල්මිර	Male				
කනිෂ්	Male				
කවීර	Male				
කවීශ්වර	Male				
කවිරු	Male				
කවිෂාන්	Male				
කව්මින	Male				
කෙහාන්	Male				
කෙමිනු	Male				
කෙමිර	Male				
කේමිත්	Male				
කේමිත	Male				
කෙන්	Male				
කෙන්සර	Male				
කේනුල	Male				
කේෂර	Male				
කේශ්වර	Male				
කෙත්සර	Male				
කියාන්	Male				
කිසල්	Male				
කිෂාල්	Male				
කිත්මාල්	Male				
කිත්මින්	Male				
කිත්මින	Male				
කිතුප	Male				
කෝමිත	Male				
කුචිල	Male				
කුලිඳු	Male				
කුලිත	Male				
කුෂාල්	Male				
කුෂිල්	Male				
කුෂ්මිත	Male				
කයිල්	Male				
ලකිදු	Male				
ලකිර	Male				
ලක්මිත්	Male				
ලක්මිත	Male				
ලක්විදු	Male				
ලසල්	Male				
ලසිත	Male				
ලවීන්	Male				
ලයන්	Male				
ලෙවිතු	Male				
ලෙව්මිත	Male				
ලිමිත	Male				
ලිනොද්	Male				
ලිසන්ස	Male				
ලිසාත්	Male				
ලිශිත්	Male				
ලිතික	Male				
ලිතුල	Male				
ලිතුල්ක	Male				
ලිවිනු	Male				
ලෝචන	Male				
ලෝතික	Male				
මදීෂ	Male				
මගිත	Male				
මහීම	Male				
මහිල	Male				
මහිම	Male				
මලිඳු	Male				
මලින්ස	Male				
මලිත	Male				
මල්මිත්	Male				
මන්දාර	Male				
මන්දිල්	Male				
මන්දිලු	Male				
මනෙත්	Male				
මනිදු	Male				
මනිත්	Male				
මන්මිත	Male				
මනෝද්‍ය	Male				
මනුධ	Male				
මනුජ	Male				
මනුජය	Male				
මනුක	Male				
මනුත්	Male				
ලකුණ	Male				
මතික	Male				
මයොන්	Male				
මයුෂ	Male				
මෙලන්	Male				
මෙලංක	Male				
මෙනාර්ත්	Male				
මෙනාත්	Male				
මෙනුදු	Male				
මෙනුක	Male				
මෙනුල	Male				
මෙනුර	Male				
මේසත්	Male				
මෙත්දම්	Male				
මෙත්දින	Male				
මෙතිල	Male				
මෙත්මික	Male				
මෙත්මිත	Male				
මෙත්නාද	Male				
මෙත්සිලු	Male				
මෙතුග	Male				
මෙතුජ	Male				
මෙතුක	Male				
මෙතුම්	Male				
මෙතුම	Male				
මෙවන්	Male				
මෙවින්	Male				
මිද්මාල්	Male				
මිහිජය	Male				
මිහිකල්ප	Male				
මිහිරු	Male				
මිහිසර	Male				
මිලිඳු	Male				
මිනාද	Male				
මිනාග	Male				
මින්දුල	Male				
මිනෙත්	Male				
මිනිදු	Male				
මිනිදුල	Male				
මිනිල	Male				
මිනෝද්	Male				
මිනුක්	Male				
මිනුක	Male				
මිනුල්	Male				
මිනුල	Male				
මිනුප	Male				
මිතීෂ	Male				
මිත්සර	Male				
මිතුරු	Male				
මියුර	Male				
මියුරු	Male				
මුදිත	Male				
නදුල්	Male				
නාදුල	Male				
නමිත	Male				
නන්දිල්	Male				
නන්විදු	Male				
නෂ්මික	Male				
නවීෂ්	Male				
නවිඳු	Male				
නෙහාන්	Male				
නෙහන්ද	Male				
නෙමින්	Male				
නේමිත	Male				
නෙතන්	Male				
නෙත්දුල	Male				
නෙත්මික	Male				
නෙත්මින	Male				
නෙත්සර	Male				
නෙත්සිළු	Male				
නෙතුජ	Male				
නෙතුක	Male				
නෙතුල්	Male				
නෙතුල	Male				
නිදුවර	Male				
නයිජල්	Male				
නිකේෂ්	Male				
නිකේෂ	Male				
නිකිල	Male				
නිකිත්	Male				
නිලොක්	Male				
නිම්දෙව්	Male				
නිමෙත්	Male				
නිමිසාදු	Male				
නිම්න	Male				
නිම්නාද	Male				
නිම්නත්	Male				
නිම්රා	Male				
නිම්සර	Male				
නිම්සත්	Male				
නිමුතු	Male				
නිරාෂ්	Male				
නිරේෂ්	Male				
නිශාක්‍ය	Male				
නිසිත්	Male				
නිසිත	Male				
නිසුර	Male				
නිතිජය	Male				
නිතික	Male				
නිතිල්	Male				
නිතිල	Male				
නිතිෂ්	Male				
නිතුල්ක	Male				
නුගාර	Male				
නුහන්ස	Male				
නුලාන්	Male				
නුරාන්	Male				
නුරේෂ්	Male				
නුතර	Male				
නුවනිදු	Male				
ඔකඳ	Male				
ඔකිඳු	Male				
ඔකිත	Male				
ඔකිත්ම	Male				
ඔලීන	Male				
ඔමල්මිත්	Male				
ඔමෙත්	Male				
ඔමිරු	Male				
ඔමිෂ්ක	Male				
ඔමිත	Male				
ඔමිත්ම	Male				
ඔනෙල්	Male				
ඕෂද්	Male				
ඔෂාන්	Male				
ඔෂානා	Male				
ඔශේන්	Male				
ඕෂිත	Male				
ඔසිරු	Male				
ඔවිඳු	Male				
පමිදු	Male				
පමිත්	Male				
පමෝද	Male				
පමුදිත	Male				
පන්සිළු	Male				
පසඳුල්	Male				
පවර	Male				
පවිත්	Male				
පැහැසර	Male				
පෙමිදු	Male				
පෙෂාන්	Male				
පිනිදු	Male				
පියුමික	Male				
පියුම්නෙත්	Male				
ප්‍රභාශ්වර	Male				
ප්‍රමිත්	Male				
ප්‍රමෝෂ	Male				
ප්‍රතික්	Male				
පුදිත්‍ය	Male				
පුලංග	Male				
පුලස්ති	Male				
පුලින්ද	Male				
පුලිඳු	Male				
පුලිංග	Male				
පුමිදු	Male				
පුවිඳු	Male				
රදාව	Male				
රදීශ්	Male				
රදීශාන්	Male				
රදිල්	Male				
රාදිෂ්ක	Male				
රාහිෂ්	Male				
රාජින්	Male				
රකිත	Male				
රකිතු	Male				
රමල්	Male				
රමිරු	Male				
රමිතු	Male				
රමුදිත	Male				
රන්දීප	Male				
රන්දිල	Male				
රන්දින	Male				
රන්දුල්	Male				
රන්හිරු	Male				
රංජින	Male				
රන්මිත්	Male				
රන්රුවන්	Male				
රන්සන්	Male				
රන්සික	Male				
රන්සිත්	Male				
රන්සිත	Male				
රන්සිතු	Male				
රන්තිස්	Male				
රන්තුල	Male				
රනුග	Male				
රනුක	Male				
රනුෂාන්	Male				
රනුවිත	Male				
රසදුන්	Male				
රෂාන්	Male				
රෂෙල්	Male				
රශෙන්	Male				
රශ්මින්	Male				
රශ්මින	Male				
රසිඳු	Male				
රත්ජිත	Male				
රවීෂා	Male				
රවේශ්	Male				
රවිජ	Male				
රවිශ්ක	Male				
රෙහාන්	Male				
රෙහෙන්දු	Male				
රෙසඳු	Male				
රෙශාන්	Male				
රිගාශ්	Male				
රිසාජ	Male				
රිසර	Male				
රිසිඳු	Male				
රිසිනු	Male				
රයිසන්	Male				
රිතිර	Male				
රිවින්	Male				
රිවිනික	Male				
රොමිත්	Male				
රොසිඳු	Male				
රෝවෙල්	Male				
රොවිනු	Male				
රුගීත්	Male				
රුමිකා	Male				
රුනේෂ්	Male				
රුෂෙව්	Male				
රුසිරු	Male				
රුවන්	Male				
රුවෙත්	Male				
රුවිරු	Male				
රුවිත්	Male				
සචෙන්	Male				
සචේතන	Male				
සදීර	Male				
සදීෂ්	Male				
සදේශ්	Male				
සදෙව්	Male				
සදිල්	Male				
සදුවර	Male				
සගිත්	Male				
සජන	Male				
සකිත්	Male				
සකුන්	Male				
සකුණ	Male				
සලීෂ	Male				
සලිඳු	Male				
සමාදිත්	Male				
සමිදු	Male				
සඳලු	Male				
සඳමිණ	Male				
සඳනෙත්	Male				
සඳනිකා	Male				
සඳයුරු	Male				
සන්දීර	Male				
සන්දීෂ	Male				
සන්දිල්	Male				
සඳුල්	Male				
සංහිත	Male				
සනිදු	Male				
සනිජය	Male				
සනිල	Male				
සනිතු	Male				
සන්මිර	Male				
සන්තුල්	Male				
සන්තුල	Male				
සනුග	Male				
සනුජ	Male				
සනුජය	Male				
සනුක	Male				
සනුප	Male				
සනුත්	Male				
සංයුග	Male				
සරිඳු	Male				
සෂේන්	Male				
සෂින්ත	Male				
සසිඳු	Male				
සසිත්	Male				
සස්මිත	Male				
සස්නිත	Male				
සස්විදු	Male				
සස්විරු	Male				
සතිර	Male				
සත්මල්	Male				
සත්මිදු	Male				
සත්මිර	Male				
සත්නිඳු	Male				
සත්සිළු	Male				
සවීන්	Male				
සවින්ද	Male				
සවිඳු	Male				
සවිනු	Male				
සයුල්	Male				
සේහස්	Male				
සේහත්	Male				
සේහිත	Male				
සෙමෙල්	Male				
සේමික	Male				
සෙමුතු	Male				
සෙනාල්	Male				
සෙනාන්	Male				
සෙනෙහස්	Male				
සෙනෙත්	Male				
සෙන්හිරු	Male				
සෙනිරු	Male				
සෙනිත්	Male				
සෙනීත	Male				
සෙනිතු	Male				
සෙනුහස්	Male				
සෙනුක්	Male				
සෙනුක	Male				
සෙනුකිත්	Male				
සෙනුල්	Male				
සෙනුල	Male				
සෙනුමිත	Male				
සෙනූප	Male				
සෙනුත්	Male				
සෙනූත	Male				
ශේෂාන්	Male				
සෙතිජ	Male				
සෙතුම්	Male				
සේවිතා	Male				
සෙව්මිත	Male				
ශාලුක්	Male				
ශාලුක	Male				
ශාමෙන්	Male				
ශනෙල්	Male				
ශනිල්	Male				
ශනිල්ක	Male				
ශනුක්	Male				
ශනුල්	Male				
ශෂේන්	Male				
ෂෂෙරා	Male				
ශෂිලා	Male				
ශෂ්විඳු	Male				
ශවිඳු	Male				
ෂෙලෝන්	Male				
ෂෙනාල්	Male				
ෂෙනිල්	Male				
ෂෙනෝයි	Male				
ශෙනුතා	Male				
ෂෙරාන්	Male				
ෂෙවෝන්	Male				
ෂෙයාල්	Male				
ශිරාන්	Male				
ශ්වේතිකා	Male				
සිහත්	Male				
සිහින	Male				
සිනාල්	Male				
සිතිජ	Male				
සිතිකා	Male				
සිතිල්	Male				
සිත්මිණ	Male				
සිත්මුක	Male				
සිතුක	Male				
සිතුමිණ	Male				
සියපත්	Male				
සියුම්	Male				
සෝයාල්	Male				
සුබත්	Male				
සුහස්	Male				
සුමල්	Male				
සුනේර	Male				
සුවහස්	Male				
සුවන්	Male				
තමේෂ්	Male				
තනුක	Male				
තත්සිලු	Male				
තවේෂ්	Male				
ටෙහාන්	Male				
තේනුක	Male				
ටෙෂාන්	Male				
තමිදු	Male				
තමෝද්	Male				
තනුල	Male				
තනුමිත	Male				
තනුත්	Male				
තරින්	Male				
තරින්ද්‍ර	Male				
තාරුක්	Male				
තරුල්ක	Male				
තෂේන්	Male				
තසිදු	Male				
තසිත්	Male				
තසිත	Male				
තස්වින	Male				
තත්මිර	Male				
තත්සර	Male				
තත්සිලු	Male				
තවීෂ්	Male				
තවේරු	Male				
තවිරු	Male				
තේඩන්	Male				
තේහාස්	Male				
තේජාන්	Male				
තේජන	Male				
තේමික	Male				
තේනුග	Male				
තේනුජ	Male				
තේනුක	Male				
තෙනුල	Male				
තේනුර	Male				
තෙපුල්	Male				
තේසත්	Male				
තේෂාල්	Male				
තේවින්	Male				
තේවිඳු	Male				
තේවිරු	Male				
තේජාන්	Male				
තෙව්මල්	Male				
තෙව්මින්	Male				
තෙව්මින	Male				
තිදාස්	Male				
තිහස්න	Male				
තිලක්ෂ	Male				
තිමත්	Male				
තිමුත්	Male				
තිනාල්	Male				
තිනාර	Male				
තිනෙත්	Male				
තිනුග	Male				
තිනුක්	Male				
තිනුක	Male				
තිනුර	Male				
තිසග	Male				
තිසල්	Male				
තිසත්	Male				
තිස්මිත	Male				
තිසුම්	Male				
තිසුර	Male				
තිවන්ත	Male				
තිවන්	Male				
තිවිඳු	Male				
තිවිරු	Male				
තිවන්දර	Male				
තුල්නිත්	Male				
තුමාල්	Male				
තුනිදු	Male				
තුවිඳු	Male				
තුවේෂ්	Male				
තිමූර්	Male				
ටිෂාන්	Male				
උදානෙත්	Male				
උදාරන්	Male				
උදිත්ම	Male				
උමේන්ද්‍ර	Male				
උමේෂ්	Male				
උමෙත්	Male				
උපේෂල	Male				
උෂින්ත	Male				
උෂ්මිත	Male				
උත්තර	Male				
ඌවෙන්	Male				
උවිඳු	Male				
වතීෂ	Male				
වත්සුක	Male				
වෙනුද	Male				
වෙනුක	Male				
වෙනුල්	Male				
වෙනුරක	Male				
වෙනුත්	Male				
වේතිල	Male				
වේතුග	Male				
වේතුජ	Male				
වේතුල	Male				
වෙතුන්	Male				
විභූෂිත	Male				
විදාස්	Male				
විදුසර	Male				
විහග	Male				
විහංස	Male				
විහස්	Male				
විකුම්	Male				
විල්හාන්	Male				
විමල්ෂ	Male				
විනිදුල්	Male				
විනෝන්	Male				
විනුග	Male				
විනුජ	Male				
විනුක	Male				
විනුල්	Male				
විනුර	Male				
විනුත්	Male				
විරාන්	Male				
විරුන	Male				
විශාල්	Male				
විශාන්	Male				
විශ්මික	Male				
විශ්මිත	Male				
විතුල	Male				
වියත්	Male				
වොලිෂ	Male				
වුෂාන්	Male				
වනුජිත	Male				
වසර	Male				
යලිඳු	Male				
යලිත	Male				
යසමින	Male				
යසඳු	Male				
යසාර	Male				
යසිර	Male				
යසිරු	Male				
යසිත්	Male				
යෙහාන්	Male				
යෙහෙන්	Male				
යෙන්සිත්	Male				
යෙනුක	Male				
යෙනුල්	Male				
යෙත්මින්	Male				
යෙතුල	Male				
යෙවින්	Male				
යොහාන්	Male				
යොමාෂ්	Male				
යොනාල්	Male				
යොෂුව	Male				
යුගන්ත	Male				
යුහන්ස	Male				
යුමාල්	Male				
යුමිරා	Male				
යුසල	Male				
යුවන්	Male				
